Cell_type,Genes
cB1 (B IGD+IgM+),"['CD74', 'RPL18A', 'IGHM', 'RPS27', 'HLA-DRA', 'RPS23', 'CD37', 'RPS27A', 'RPL13', 'BTG1', 'CD79A', 'RPL32', 'HLA-DPB1', 'RPS8', 'RPS3A', 'CD52', 'RPL21', 'RPL34', 'CXCR4', 'RPL11', 'RPL10', 'FAU', 'RPL9', 'RPS5', 'RPL19', 'RPL23A', 'TCL1A', 'HLA-DPA1', 'RPS25', 'RPL15', 'RPLP2', 'RPL30', 'RPS13', 'RPL26', 'RPL13A', 'RPL10A', 'RPSA', 'HLA-DRB1', 'RPS12', 'HLA-DQB1', 'RPS15A', 'MS4A1', 'EEF1A1', 'RPL12', 'RPS6', 'RPL3', 'RPL28', 'RPL18', 'RPS19', 'CD79B', 'RPS11', 'RPL39', 'RPL5', 'RPS9', 'VPREB3', 'HLA-DQA1', 'RPL29', 'RPL35A', 'RPL37', 'LAPTM5', 'RPL41', 'RPS16', 'RPL27', 'RPL22', 'RPS29', 'EEF1D', 'RPS20', 'RPS2', 'EEF1B2', 'RPS18', 'RPL27A', 'IGHD', 'UBA52', 'RPL35', 'RPS15', 'PFDN5', 'RACK1', 'RPL6', 'RPS7', 'LTB', 'TXNIP', 'RPL8', 'RPS10', 'RPS4X', 'CD69', 'GLTSCR2', 'RPS3', 'RPL4', 'RPL7', 'RPS14', 'RPS28', 'RPLP1', 'RPL23', 'RPL31', 'RPL7A', 'RPL38', 'RPL24', 'RPL14', 'IGKC', 'MALAT1', 'TMSB10', 'FCER2', 'YBX3', 'FOS', 'KLF2', 'SELL', 'DUSP1', 'SARAF', 'RNASE6', 'RP11-358M11.2', 'JUNB', 'PLAC8', 'C1orf162', 'FTL', 'CD72', 'RPLP0', 'MT-ND2', 'RPS17', 'PLPP5', 'FCMR', 'HVCN1', 'PHACTR1', 'CD200', 'PIK3IP1', 'RP11-693J15.5', 'TSPAN13', 'BTLA']"
cB2 (B GC-like),"['CD74', 'RPS27', 'CXCR4', 'HLA-DRA', 'RPS8', 'RPS23', 'RPL11', 'CD37', 'RPS25', 'RPLP2', 'CD79A', 'RPS27A', 'RPL23A', 'RPL32', 'RPL34', 'MS4A1', 'RPS15A', 'FAU', 'EEF1A1', 'RPL9', 'HLA-DPB1', 'RPL21', 'RPS3A', 'RPL19', 'RPL30', 'RPS14', 'CD52', 'RPL13A', 'RPL3', 'BTG1', 'RPL13', 'RPS12', 'VPREB3', 'RPL39', 'RPL10', 'RPS29', 'RPL27A', 'RPL26', 'HLA-DPA1', 'RPS28', 'RPL41', 'RPS13', 'HLA-DQB1', 'RPS6', 'RPS20', 'RPS18', 'LTB', 'RPL18A', 'RPL35A', 'RPSA', 'RPL10A', 'RPS3', 'RPS11', 'EEF1B2', 'RPLP1', 'RPL28', 'RPS16', 'RPL5', 'RPL14', 'MALAT1', 'RPL37', 'RPL15', 'RPS5', 'RPL27', 'RPS10', 'RPL38', 'RPL18', 'UBA52', 'RPS2', 'HLA-DQA1', 'BANK1', 'HLA-DRB1', 'RPS4X', 'RPL12', 'CD79B', 'RPL4', 'PFDN5', 'TOMM7', 'RPS7', 'RPS15', 'RPL22', 'RPL31', 'TNFRSF13C', 'TXNIP', 'RP5-887A10.1', 'IGKC', 'LAPTM5', 'TSC22D3', 'RPS21', 'GPR183', 'RPL29', 'RPS9', 'ARHGAP24', 'CD69', 'GLTSCR2', 'RPL7', 'RPL6', 'MARCH1', 'RPL35', 'RPL8', 'B2M', 'HLA-A', 'HLA-B', 'HLA-C', 'TNFRSF13B', 'RPL36', 'VIM', 'IGHA1', 'DUSP1', 'FTL', 'ZFP36L2', 'HLA-E', 'CD44', 'JUNB', 'S100A6', 'KLF6', 'NR4A2', 'MT-ND2', 'CLECL1', 'FOSB', 'SAT1', 'S100A4', 'CTD-3252C9.4', 'JUN', 'RPL36A', 'CD48', 'FTH1', 'NEAT1', 'RNASET2', 'TPT1', 'CCDC50', 'MARCKS', 'CAPG', 'ZBTB20', 'H3F3B', 'MT-ND4', 'KLF2', 'EMP3', 'SRGN', 'SP110', 'ATP6V0E1', 'ARL6IP5', 'PPP1R15A', 'RGS2', 'N4BP2L2', 'RGS1', 'EVI2B', 'UBC', 'PLP2', 'SOCS3', 'SAMSN1', 'PNISR', 'MT-ND1', 'IDS', 'CD27']"
cB3 (B CD40+ GC-like),"['MS4A1', 'HMGN1', 'TCL1A', 'HLA-DRA', 'CD79A', 'CD79B', 'CORO1A', 'ACTG1', 'RPL28', 'SERF2', 'BASP1', 'CD74', 'LIMD2', 'ATP5L', 'CD37', 'RGS13', 'H3F3A', 'LTB', 'VPREB3', 'OAZ1', 'RPL15', 'MARCKSL1', 'ARPC3', 'LAPTM5', 'HLA-DPB1', 'ACTB', 'ARPC2', 'RPS23', 'RPL19', 'ARHGDIB', 'HMGB1', 'ANP32B', 'SMIM14', 'HMGN2', 'NCF1', 'RPL21', 'LRMP', 'RPL23A', 'RPS7', 'CD52', 'HLA-DPA1', 'BCAS4', 'FAU', 'HLA-DQA1', 'UCP2', 'CD22', 'RPL22', 'RPS13', 'MEF2C', 'RPS8', 'POU2AF1', 'RPS3A', 'TCEA1', 'BTF3', 'NPM1', 'PFN1', 'RPL10A', 'IRF8', 'PARP1', 'HNRNPA1', 'RPL18A', 'RPS16', 'RPL5', 'RPS6', 'RACK1', 'ISG20', 'HLA-DMA', 'RPL4', 'RPL6', 'HLA-DRB1', 'RPS27', 'CD53', 'PTMA', 'HLA-DQB1', 'RPS4X', 'TMSB4X', 'LCP1', 'NEIL1', 'ACTR3', 'POU2F2', 'SUGCT', 'RPS20', 'RPL27A', 'HLA-DMB', 'UBA52', 'HMGA1', 'PABPC1', 'EEF1A1', 'IGKC', 'CCNI', 'RPS15A', 'RPS24', 'STAG3', 'TNFRSF13C', 'UBE2J1', 'RPLP1', 'CFL1', 'NAP1L1', 'RAC2', 'RPL14', 'GAPDH', 'SLC25A5', 'DBI', 'H2AFZ', 'MYL6', 'H2AFV', 'STMN1', 'HMGB2', 'METAP2', 'HMCES', 'ARPC5', 'RAN', 'PPIA', 'SRSF9', 'GCHFR', 'MRPL51', 'DYNLL1', 'GSTP1', 'ATP5G3', 'PRDX1', 'PCLAF', 'ATP5E', 'PTTG1', 'PRDX6', 'ATP5J', 'COX5A', 'SNRPD1', 'POMP', 'C12orf75', 'SRSF3', 'NDUFA4', 'COX6C', 'CHCHD2', 'ATP5J2', 'GNG5', 'LPP', 'RFTN1', 'PKM', 'CALM3', 'SEM1', 'TUBB', 'BCL7A', 'COX6A1', 'SUMO2', 'ATPIF1', 'SNRPG', 'YBX1', 'CD81', 'MPC2', 'RBX1', 'ERH', 'EZR', 'COX8A', 'LMO2', 'HN1', 'UQCR10', 'SEC61B', 'PPP1CA', 'SLC25A3', 'DEK', 'SF3B6', 'YWHAB', 'LDHB', 'TKT', 'SRP14', 'CLTA']"
cM01 (Monocyte),"['TYROBP', 'FCER1G', 'S100A9', 'SRGN', 'FTH1', 'SAT1', 'LYZ', 'FTL', 'S100A8', 'AIF1', 'LGALS1', 'HLA-DRA', 'NAMPT', 'LST1', 'TIMP1', 'TYMP', 'S100A4', 'S100A11', 'ACTB', 'IL1B', 'DUSP1', 'CTSS', 'SOD2', 'PSAP', 'VCAN', 'VIM', 'CEBPB', 'BCL2A1', 'GLUL', 'PLAUR', 'OAZ1', 'SERPINA1', 'FCN1', 'H3F3B', 'HLA-DRB1', 'CD44', 'MCL1', 'CD14', 'NPC2', 'SLC2A3', 'NEAT1', 'CYBA', 'SH3BGRL3', 'FOS', 'NFKBIA', 'CSTA', 'COTL1', 'EMP3', 'LCP1', 'CD74', 'SLC11A1', 'CTSB', 'SOCS3', 'CST3', 'FCGR2A', 'LAPTM5', 'ANXA5', 'SPI1', 'C1orf162', 'CYBB', 'H3F3A', 'FPR1', 'LINC01272', 'HLA-DPB1', 'HLA-DPA1', 'RGS2', 'CLEC7A', 'PNRC1', 'MNDA', 'SDCBP', 'MS4A7', 'ZEB2', 'FGL2', 'MS4A6A', 'SAMSN1', 'LITAF', 'RAB31', 'ZFP36', 'TNFAIP3', 'CD300E', 'CD68', 'AP1S2', 'S100A12', 'CXCL8', 'SERPINB9', 'ITGB2', 'ARPC5', 'PFDN5', 'NCF2', 'C5AR1', 'ANXA1', 'HBEGF', 'RP11-1143G9.4', 'HIF1A', 'RHOA', 'TREM1', 'CD53', 'IER3', 'EIF1', 'HCST', 'S100A6', 'BTG1', 'EREG', 'RPL39', 'RPL34', 'CD52', 'RPS24', 'VEGFA', 'S100A10', 'THBS1', 'SLC25A37', 'RPS27', 'RPL32', 'CD55', 'JUNB', 'ATP1B3', 'RPL21', 'MALAT1', 'STXBP2', 'FPR2', 'EEF1D', 'CLEC4E', 'IL1RN', 'PTGS2', 'FAU', 'C19orf59', 'UBA52', 'RPL35A', 'ETS2', 'RPL18A', 'UPP1', 'C15orf48', 'RPS13', 'VMP1', 'RPL26', 'RPL7', 'NLRP3', 'IVNS1ABP', 'APOBEC3A', 'RPL8', 'RPL13', 'RPL28', 'RPS9', 'RP11-591N1.1', 'EGR1', 'CCL20', 'RPS16', 'NFKBIZ', 'FOSL2', 'CFP', 'OLR1', 'MXD1']"
cM02 (Macrophage-like),"['FTL', 'FCER1G', 'TYROBP', 'C1QA', 'HLA-DRA', 'AIF1', 'NPC2', 'C1QB', 'CTSB', 'C1QC', 'PSAP', 'CTSD', 'HLA-DPB1', 'HLA-DPA1', 'CD74', 'HLA-DRB1', 'CD68', 'LYZ', 'SAT1', 'LGALS1', 'HLA-DQA1', 'MS4A6A', 'CD14', 'CTSS', 'MS4A7', 'CTSZ', 'GRN', 'GLUL', 'HLA-DQB1', 'TYMP', 'CTSL', 'APOE', 'FCGR2A', 'FTH1', 'LST1', 'LAPTM5', 'S100A11', 'HLA-DMA', 'GPNMB', 'ASAH1', 'CAPG', 'CYBB', 'APOC1', 'MS4A4A', 'SPI1', 'CTSC', 'ITM2B', 'HLA-DMB', 'ITGB2', 'CST3', 'LIPA', 'MAFB', 'CREG1', 'VIM', 'CYBA', 'ACP5', 'FCGR3A', 'LY96', 'ANXA5', 'FPR3', 'RNASE6', 'RNF130', 'VAMP8', 'SRGN', 'PLD3', 'ATP6V1F', 'PPT1', 'IGSF6', 'MFSD1', 'TGFBI', 'CD163', 'DAB2', 'FCGRT', 'LGMN', 'PRDX1', 'KCTD12', 'CTSH', 'CSF1R', 'RAB31', 'PLA2G7', 'S100A9', 'CD63', 'CLEC7A', 'FGL2', 'TIMP2', 'SLCO2B1', 'C3AR1', 'SDCBP', 'ATOX1', 'ACTB', 'OAZ1', 'TNFSF13B', 'BRI3', 'CD4', 'LILRB4', 'MNDA', 'SLC7A7', 'TMEM176B', 'MPEG1', 'AP2S1', 'RNASE1', 'CD81', 'A2M', 'MSR1', 'LAMP1', 'PLTP', 'CTSA', 'SLC40A1', 'CD9', 'AKR1B1', 'GM2A', 'TREM2', 'MMP12', 'STAB1', 'HEXB', 'MAF', 'MMP14', 'C1orf54', 'SCARB2', 'MGST3', 'GPR34', 'FABP5', 'TTYH3', 'FUCA1', 'SEPP1', 'HEXA', 'TMEM176A', 'AKR1A1', 'LGALS3', 'NRP1', 'VSIG4', 'IDH1', 'PMP22', 'CD59', 'TSPAN4', 'CD84', 'HNMT', 'ADAP2', 'NPL', 'BCAP31', 'SCPEP1', 'C2', 'ACP2', 'CSTB', 'LAMP2', 'ATP6AP2', 'ARHGAP18', 'TUBA1B', 'PTMS']"
cM03 (DC1),"['HLA-DPB1', 'HLA-DPA1', 'CST3', 'HLA-DRA', 'CD74', 'HLA-DQA1', 'HLA-DQB1', 'HLA-DRB1', 'SNX3', 'ACTB', 'LYZ', 'CPVL', 'TMSB4X', 'C1orf54', 'CLEC9A', 'LGALS2', 'IRF8', 'LSP1', 'COTL1', 'RGS10', 'HLA-DMA', 'IDO1', 'RGCC', 'PPT1', 'AIF1', 'TMSB10', 'DNASE1L3', 'SPI1', 'VIM', 'CPNE3', 'GSTP1', 'BASP1', 'LGALS1', 'NAP1L1', 'RAB32', 'C1orf162', 'ARPC2', 'HLA-DMB', 'NAAA', 'UCP2', 'ID2', 'BATF3', 'SUB1', 'FGL2', 'ACTG1', 'WDFY4', 'ARPC1B', 'MPEG1', 'CFL1', 'SAMHD1', 'FAM49B', 'PTPRE', 'BID', 'PLEK', 'TYMP', 'SERPINB9', 'PFN1', 'RPS23', 'RPS24', 'CLEC7A', 'PSMB9', 'ATG3', 'ITGB2', 'HCK', 'PLEKHO1', 'LCP1', 'SHTN1', 'SAT1', 'SMCO4', 'MYL6', 'LY86', 'RP5-1171I10.5', 'CADM1', 'PPA1', 'AP1S2', 'HLA-DOB', 'GMFG', 'H2AFY', 'ARPC3', 'HLA-DRB5', 'LST1', 'UBA52', 'CIITA', 'LIMD2', 'RPS11', 'GRN', 'LSM6', 'EEF1B2', 'MARCH1', 'ATP6V0E1', 'ENSA', 'SERPINB1', 'RPS3A', 'MNDA', 'CKLF', 'CCDC88A', 'FNBP1', 'TAP1', 'CORO1A', 'TPM3', 'RPL8', 'RPS18', 'RPS8', 'RPL18A', 'RPS21', 'RPL23A', 'RPL4', 'RPSA', 'RPS2', 'RPL5', 'RPS6', 'RPL10A', 'RPLP0', 'RPS5', 'RPLP1', 'RPL11', 'RPS14', 'RPL14', 'RPL27A', 'RPS16', 'RPL19', 'RPL3', 'RPL10', 'RPL30', 'RPS4X', 'RPS7', 'RPS3', 'RPL22', 'RPS12', 'RPL6', 'RPS15', 'RPL37A', 'RPL21', 'RPL28', 'RPL7A', 'RPS29', 'RPL37', 'MZT2A', 'RPS27', 'RPL32', 'RPS25', 'TMEM14A', 'RPL13A', 'RPL35', 'RPLP2', 'RPL31', 'RPS13', 'RPL18', 'CCND1', 'RPL15', 'RPS15A', 'RPL41', 'XCR1', 'RPL29', 'FUCA1', 'GYPC', 'CLNK', 'CAMK2D', 'CYB5R3', 'VAC14', 'KIAA0226L', 'APOL3', 'CD48', 'ENPP1', 'C20orf27', 'CD59', 'ICAM3', 'ASAP1', 'ASB2', 'BCL6', 'SERPINB6', 'COX7C', 'AC068491.1', 'CYTOR', 'FNIP2', 'KCNK6', 'EVL', 'C1orf21', 'C1QBP', 'ABRACL', 'ANPEP', 'DENND1B', 'PLCD1', 'SLAMF8', 'CCDC126', 'SLAMF7', 'CSRP1', 'PNMA1', 'DBN1', 'SEPHS2', 'CLEC2B', 'LMNA', 'FKBP1B', 'SLC24A4', 'EVI2B']"
cM04 (DC2),"['HLA-DPB1', 'HLA-DPA1', 'HLA-DRA', 'HLA-DQA1', 'HLA-DQB1', 'CD74', 'HLA-DRB1', 'CST3', 'LST1', 'HLA-DMA', 'AIF1', 'COTL1', 'AMICA1', 'TYROBP', 'LYZ', 'CLEC10A', 'ACTB', 'HLA-DMB', 'CPVL', 'SPI1', 'FCER1G', 'CEBPD', 'TYMP', 'C1orf162', 'LSP1', 'FGL2', 'GPR183', 'VIM', 'ITGB2', 'SRGN', 'SAMHD1', 'MS4A6A', 'RNASE6', 'CFP', 'CTSH', 'CD1C', 'MNDA', 'FCER1A', 'ARPC1B', 'ARPC3', 'GRN', 'RGS10', 'IFI30', 'TMSB10', 'LGALS2', 'LGALS1', 'IGSF6', 'LCP1', 'TMSB4X', 'ARPC5', 'CYBA', 'FAM49B', 'ARPC2', 'LITAF', 'NPC2', 'CSF2RA', 'ANXA1', 'HCLS1', 'CORO1A', 'GDI2', 'GLIPR1', 'PYCARD', 'OAZ1', 'RGS2', 'CLEC4A', 'RHOG', 'GMFG', 'PFN1', 'SAT1', 'SGK1', 'PPT1', 'LY86', 'PPA1', 'AP1S2', 'ARHGDIB', 'STK17B', 'HCK', 'IFNGR1', 'FGR', 'PLEKHO1', 'CXCR4', 'H2AFY', 'TIMP1', 'CKLF', 'SERPINB9', 'CD86', 'FTH1', 'S100A11', 'ANXA5', 'RPS24', 'HLA-DRB5', 'CIITA', 'PFDN5', 'CFL1', 'VSIR', 'UCP2', 'PRELID1', 'BASP1', 'REL', 'CAP1', 'RPS23', 'RPS18', 'RPL5', 'RPS7', 'RPL4', 'RPL3', 'RPL10A', 'RPL11', 'RPS11', 'RPS3', 'RPL6', 'RPL15', 'RPL19', 'RPL18A', 'RPL7A', 'RPS14', 'RPS3A', 'RPS4X', 'EEF1A1', 'RPS6', 'RPL8', 'RPS2', 'RPS5', 'RPL23A', 'RPS8', 'EEF1B2', 'RPL18', 'RPL13', 'RPS9', 'RPL29', 'RPL26', 'RPL37', 'RPL32', 'RPS13', 'RPL10', 'RPL30', 'RPSA', 'RPS19', 'RPS16', 'RPL9', 'RACK1', 'RPL14', 'RPS15A', 'RPL37A', 'RPS12', 'SPINT2', 'RPL35A', 'RPL34', 'RPL24', 'RPL22', 'EIF3L', 'RPL27', 'FAU', 'RPS15', 'CD52', 'RPLP0', 'NACA', 'RPS21', 'RPS27A', 'RPS27', 'RPS10', 'BTF3', 'PKIB', 'RPL41', 'RPL28', 'SLC25A6', 'RPL27A', 'PLAC8', 'RPS25', 'LIMD2', 'RPL13A', 'RPLP2', 'RPL35', 'RPS29', 'IFITM2', 'IFITM3', 'S100A4', 'ETS2', 'CEBPB', 'SH3BGRL3', 'IL1R2', 'FPR1', 'FCGR2B', 'IL1B', 'CASP1', 'FOS', 'PTPRC', 'FCGR2A', 'NAMPT', 'TXNIP', 'RBPJ', 'CD48', 'CIB1', 'LIMS1', 'NCF2', 'MS4A7', 'PLSCR1', 'FCGRT', 'LAPTM5', 'CLIC1', 'MAT2A', 'C10orf128', 'CD53', 'HCST', 'JUNB', 'SARAF', 'PLAUR', 'ABI3', 'LCP2', 'VASP', 'KCNK6', 'MSN', 'SLC2A3', 'SERPINA1', 'FPR3', 'SERPINB1', 'TSPO', 'CLEC7A', 'DDX21', 'PTPN6', 'EMP3']"
cM05 (DC2 C1Q+),"['HLA-DPB1', 'HLA-DPA1', 'HLA-DRA', 'CD74', 'HLA-DQA1', 'HLA-DQB1', 'HLA-DRB1', 'LST1', 'AIF1', 'C1QA', 'C1QB', 'CST3', 'MS4A6A', 'C1QC', 'TYROBP', 'HLA-DMA', 'CLEC10A', 'AMICA1', 'SPI1', 'NPC2', 'HLA-DMB', 'COTL1', 'FCER1G', 'FTL', 'IGSF6', 'ACTB', 'ITGB2', 'CTSH', 'FGL2', 'LYZ', 'RGS10', 'TYMP', 'CPVL', 'LGALS1', 'GRN', 'RNASE6', 'SAMHD1', 'MNDA', 'ARPC1B', 'ARPC3', 'TUBA1B', 'VAMP8', 'YWHAH', 'TMSB4X', 'GPR183', 'PYCARD', 'ARPC2', 'FAM26F', 'IFNGR1', 'CSF1R', 'FAM49B', 'VIM', 'CTSS', 'PPT1', 'CYBA', 'AXL', 'CD68', 'C1orf162', 'CYBB', 'ARHGDIB', 'RHOG', 'GLIPR1', 'CLEC7A', 'CD1C', 'TMSB10', 'CD1E', 'S100A11', 'PFN1', 'HCK', 'LSP1', 'UCP2', 'ITM2B', 'LCP1', 'ARPC5', 'CLEC4A', 'OAZ1', 'CD4', 'CSTA', 'PLEKHO1', 'RNF130', 'ALOX5AP', 'LITAF', 'SRGN', 'ANXA5', 'GDI2', 'AP2S1', 'CEBPD', 'ANXA1', 'CKLF', 'RNASET2', 'GSN', 'ABI3', 'RAB31', 'FCER1A', 'CTSB', 'H2AFY', 'CTSZ', 'LGALS2', 'CORO1A', 'SAT1', 'RPL4', 'RPSA', 'PKIB', 'RPS19', 'PPA1', 'RPL15', 'RPL3', 'RPS2', 'RPL5', 'RPS3', 'RPS18', 'RPL10A', 'RPL7A', 'RPS23', 'RPL23A', 'RPS5', 'RPL6', 'RPS4X', 'NDRG2', 'RPS7', 'EEF1B2', 'RPS6', 'PLAC8', 'PLD4', 'RPS14', 'RACK1', 'RPL19', 'RPL11', 'RPS3A', 'RPL14', 'PAK1', 'RPS11', 'SLC25A5', 'RPS8', 'CD1A', 'RPL29', 'PTMA', 'RPL37A', 'RPL26', 'EIF3L', 'RPL18', 'RPL35', 'RPLP0', 'SPINT2', 'RPS29', 'S100B', 'RPL8', 'RPL18A', 'HNRNPA1', 'RPL37', 'SLC25A6', 'RPS21', 'RPL27A', 'IDH2', 'RPL30', 'RPL41', 'RPS15', 'PRELID1', 'RPL32', 'LTB', 'RPL22', 'NAP1L1', 'RPS15A', 'RPS10', 'CLNS1A', 'RPL35A', 'RPL10', 'EEF1A1', 'CD63', 'PSAP', 'MAFB', 'FYB1', 'CEBPB', 'CD14', 'TGFBI', 'ACP5', 'FCGRT', 'AKR1B1', 'GLRX', 'CAMK1', 'ASAH1', 'CTSD', 'LAPTM5', 'GIMAP4', 'ATP6V1B2', 'LIMS1', 'SERPINA1', 'C3AR1', 'CD81', 'SCPEP1', 'ATP6AP2', 'CASP1', 'DOK2', 'RAP1A', 'FCGR2A', 'YBX1', 'PRDX1', 'SLC7A7', 'SLC40A1', 'KCTD12', 'LAMTOR2', 'TPI1', 'PTPN6', 'SLAMF8', 'TXNIP', 'HEXB']"
cM06 (DC IL22RA2),"['COTL1', 'HLA-DPB1', 'LST1', 'HLA-DRA', 'HLA-DPA1', 'CD74', 'ACTB', 'AIF1', 'TMSB4X', 'HLA-DQB1', 'HLA-DQA1', 'HLA-DRB1', 'PFDN5', 'LTB', 'TMSB10', 'LSP1', 'SPI1', 'RPS23', 'OAZ1', 'RPS3A', 'AMICA1', 'S100B', 'VAMP8', 'RPL15', 'RPS24', 'ARPC3', 'PFN1', 'ARPC5', 'PYCARD', 'ARPC2', 'TYROBP', 'GSN', 'RPL26', 'GDI2', 'ACTG1', 'UBA52', 'ARPC1B', 'LCP1', 'SMCO4', 'CTSH', 'NAP1L1', 'EEF1A1', 'RGS10', 'RPS19', 'H2AFY', 'RPS13', 'MYL12A', 'RPL4', 'H3F3A', 'PKIB', 'RPL19', 'PPA1', 'CFL1', 'RPS14', 'UCP2', 'RPL14', 'PLD4', 'RPS9', 'ATP5L', 'PAK1', 'ARHGDIB', 'SAMHD1', 'RPL28', 'RPL9', 'RPS11', 'ITGB2', 'HLA-DMA', 'CORO1A', 'RPL6', 'NPM1', 'CFP', 'HCK', 'PLEKHO1', 'RPL34', 'LY86', 'SUB1', 'ABI3', 'SERF2', 'HLA-DMB', 'PABPC1', 'RPL11', 'FAU', 'MS4A6A', 'GCA', 'GSTP1', 'RPS4X', 'RPS15A', 'RPL27A', 'GABARAPL2', 'ATP5E', 'RPL5', 'GPR183', 'SNX3', 'BASP1', 'FAM49B', 'RPL27', 'RPL37', 'RPL10', 'HMGN1', 'RPS27A', 'RPL3', 'RPS6', 'RPL23A', 'RPL10A', 'RPS18', 'RPS2', 'RPS12', 'RPSA', 'RPL41', 'RPS5', 'RPS15', 'RPL32', 'RPL35A', 'RPS7', 'RPL7A', 'RPS29', 'RPS8', 'RPS3', 'RPS27', 'RPL8', 'RPL30', 'RPL13', 'RPL18', 'RACK1', 'RPL29', 'RPS21', 'RPL13A', 'RPL37A', 'RPS25', 'RPLP0', 'RPL18A', 'RPL31', 'RPL36', 'RPL35', 'RPLP2', 'RPL24', 'RPL7', 'RPLP1', 'RPS10', 'RPL12', 'RPS20', 'EEF1B2', 'NACA', 'RPL36A', 'RPL22', 'HINT1', 'RPS16', 'RPL39', 'RPL23', 'COMMD6', 'RPS28', 'BTF3', 'HNRNPA1', 'CA2', 'CD52', 'SUSD3', 'FXYD5', 'IL22RA2', 'VASP', 'PSTPIP2', 'MYL9', 'CDH17', 'GPR82', 'C11orf31', 'GEM', 'ENTPD1', 'FAM107B', 'SFTPD', 'SLC25A5', 'GAPDH', 'CKLF', 'TNNI2', 'FAM89B', 'RPL38', 'GNGT2']"
cM07 (pDC),"['GZMB', 'SEC61B', 'IRF7', 'GPR183', 'PLAC8', 'CD74', 'TSPAN13', 'TCF4', 'LILRA4', 'CLIC3', 'ALOX5AP', 'IRF8', 'PLD4', 'SERPINF1', 'PPP1R14B', 'UGCG', 'CXCR4', 'TYROBP', 'HLA-DPA1', 'HLA-DRA', 'BCL11A', 'HLA-DPB1', 'NPC2', 'JCHAIN', 'CXCR3', 'MPEG1', 'CCDC50', 'RNASE6', 'C12orf75', 'CLN8', 'CYBA', 'SELL', 'SPCS1', 'LILRB4', 'HERPUD1', 'IRF4', 'SMPD3', 'SRP14', 'IL3RA', 'HLA-DRB1', 'VAMP8', 'SCT', 'CTSB', 'SLC15A4', 'RNASET2', 'ITM2C', 'MAP1A', 'PARK7', 'SLC20A1', 'HLA-DQB1', 'MZB1', 'HLA-DQA1', 'UCP2', 'CD4', 'PTCRA', 'FCER1G', 'SPIB', 'RGS1', 'ZFP36', 'CTSC', 'DCK', 'RPS3A', 'MS4A6A', 'ERP29', 'LDLRAD4', 'SUB1', 'CYB561A3', 'RPS23', 'HLA-DMA', 'PLP2', 'LTB', 'GRN', 'THEMIS2', 'OPN3', 'PRKCB', 'DUSP5', 'HLA-DMB', 'MYL12A', 'RGS2', 'PRMT9', 'STMN1', 'CCDC88A', 'AMICA1', 'CNPY3', 'LAMP5', 'SRGN', 'CSF2RB', 'C9orf142', 'BST2', 'SOX4', 'IRF2BP2', 'ERN1', 'DERL3', 'MALAT1', 'BTG2', 'IGKC', 'H3F3B', 'LRRC26', 'SEL1L3', 'CLEC4C', 'RPS12', 'RPS8', 'RPS27', 'RPS28', 'RPL3', 'RPLP0', 'RPL23A', 'RPL6', 'RPS5', 'RPS4X', 'RPL10A', 'EEF1A1', 'RPL37A', 'RPL19', 'RPSA', 'RPL11', 'RPL37', 'RPS27A', 'RPS11', 'RPL7A', 'RPS15A', 'RPS6', 'SSR4', 'RPS18', 'HINT1', 'RPL18', 'RPS3', 'RPLP1', 'RPL13', 'RPS7', 'APP', 'RPL5', 'RPS14', 'RPL9', 'RPS2', 'ZFP36L2', 'RPL15', 'RPS13', 'RPS29', 'RPL13A', 'RPL10', 'RPL34', 'RPS19', 'NACA', 'RPL35A', 'RPL30', 'HSP90B1', 'SLC7A5', 'VIMP', 'SEC61G', 'DDIT4', 'RP11-511P7.2', 'GAS6', 'NUCB2', 'TPM2', 'CD37', 'CD99', 'IFI44L', 'SIDT1', 'TCL1A', 'PFKFB2', 'CD164', 'MAPKAPK2', 'FKBP2', 'CD2AP', 'OFD1', 'NR3C1', 'PPIB']"
cM08 (AS-DC),"['PPP1R14A', 'HLA-DPA1', 'CD74', 'HLA-DPB1', 'VIM', 'HLA-DRA', 'BID', 'HLA-DRB1', 'COTL1', 'AXL', 'GPR183', 'LTB', 'HLA-DMA', 'HLA-DQB1', 'LILRA4', 'AMICA1', 'MYL12A', 'TYROBP', 'IFI30', 'HLA-DQA1', 'SEPT6', 'CSF2RB', 'SEC61B', 'CTSH', 'TYMP', 'PLAC8', 'SPI1', 'LST1', 'SPIB', 'HLA-DMB', 'SAMHD1', 'ARPC3', 'TUBA1A', 'FCER1G', 'ATF5', 'SYNGR2', 'UCP2', 'GAS6', 'LYZ', 'CORO1A', 'THEMIS2', 'PARK7', 'RTN4', 'ALDH2', 'LILRB4', 'C12orf75', 'ALOX5AP', 'LGMN', 'LCP1', 'SERPINB9', 'LRRFIP1', 'ARPC2', 'TPM3', 'GDI2', 'IL3RA', 'S100A10', 'TUBA1B', 'LDLRAD4', 'TCF4', 'SERPINF1', 'DDAH2', 'CFLAR', 'OPN3', 'CD53', 'FAM49B', 'SELL', 'CST3', 'DPYSL2', 'ACTB', 'CAP1', 'PLP2', 'SPN', 'CXCR4', 'KLF4', 'IL4I1', 'ARL4C', 'PTPN1', 'GZMB', 'CYBA', 'VAMP8', 'IFITM2', 'GABARAPL2', 'RHOA', 'ARPC1B', 'C12orf45', 'TRABD', 'MRPS6', 'MYL6', 'PABPC1', 'ARPC5', 'LILRA5', 'CDKN1A', 'SRGN', 'CCDC88A', 'LSP1', 'HCK', 'MAP3K8', 'FUZ', 'PLSCR1', 'APEX1', 'RPS23', 'RPS11', 'HINT1', 'TSPAN13', 'RPSA', 'EEF1A1', 'RPL4', 'RPS4X', 'RPL3', 'RPL23A', 'RPL10A', 'RACK1', 'RPS5', 'RPL5', 'BCL11A', 'CXCR3', 'RPL8', 'RAB11FIP1', 'CDH1', 'FAU', 'ACTG1', 'LIMD2', 'RPS12', 'RPL7A', 'RPS3', 'RPS27', 'RPS18', 'CCND3', 'NKG7', 'RPL19', 'RPL10', 'SUSD1', 'RPLP0', 'RPS3A', 'RPL18', 'EEF1B2', 'RPL37A', 'RPL18A', 'HNRNPA1', 'IRF7', 'RPL6', 'IKZF1', 'RPS8', 'DDIT4', 'RPL11', 'CCNI', 'YWHAZ', 'CCDC50', 'GNB2', 'RPS7', 'S100A6', 'CLIC1', 'CD55', 'ANXA2', 'ECE1', 'CD5', 'APP', 'CD2', 'SEPT9', 'EMP3', 'GPR65', 'S100A4', 'FAM105A', 'ENTPD1', 'RASSF5', 'HNRNPA2B1', 'AIM1', 'TOB1', 'UPK3A', 'GLUL', 'HAVCR2', 'ARHGAP18', 'FAM107B', 'AK2', 'NR4A1', 'ZC3HAV1', 'AREG', 'CD69', 'ZNF706', 'CD47', 'NDUFA4', 'MGST2', 'GPR160']"
cM09 (mregDC),"['HLA-DPB1', 'HLA-DRA', 'CD74', 'TMSB10', 'BIRC3', 'ACTB', 'LSP1', 'FSCN1', 'LAMP3', 'HLA-DPA1', 'GPX4', 'HLA-DQA1', 'CCR7', 'TXN', 'MARCKSL1', 'PFN1', 'HLA-DRB1', 'TYROBP', 'LGALS1', 'CCL19', 'TMSB4X', 'HLA-DQB1', 'CSF2RA', 'TYMP', 'CD83', 'PPA1', 'VIM', 'BASP1', 'EEF1A1', 'GSTP1', 'MYL6', 'ACTG1', 'RGS1', 'EIF1', 'SAMSN1', 'PNRC1', 'CCL22', 'DUSP5', 'RASSF4', 'IDO1', 'ANXA6', 'COTL1', 'ATOX1', 'RAB9A', 'DAPP1', 'IL7R', 'SAT1', 'NAP1L1', 'TUBB', 'GPR183', 'GSN', 'ID2', 'CFLAR', 'GRSF1', 'CTSH', 'TMEM176A', 'SEC61B', 'MARCKS', 'GABARAPL2', 'GPR157', 'SYNGR2', 'CLIC2', 'FTH1', 'CD86', 'B2M', 'LCP1', 'BCL2A1', 'EBI3', 'ZFAS1', 'FNBP1', 'ALDH2', 'RPS27L', 'NUB1', 'REL', 'BTG1', 'MYO1G', 'CRIP1', 'CDKN1A', 'RPL10', 'TMEM176B', 'TNFAIP2', 'NFKB1', 'RELB', 'CFP', 'OSTF1', 'CFL1', 'CST7', 'RFTN1', 'STK4', 'SUB1', 'DUSP4', 'NABP1', 'SRGN', 'CSTA', 'FAM49A', 'PTPN1', 'ARPC2', 'CD40', 'LAD1', 'KYNU', 'RPL35A', 'RPS27A', 'RPL14', 'RPL41', 'RPL15', 'HINT1', 'RPS7', 'RPL11', 'RPL7A', 'RPS19', 'IL32', 'RACK1', 'RPS27', 'RPS14', 'GADD45A', 'RPL3', 'RPL36', 'RPS25', 'RPS23', 'RPS2', 'RPL5', 'RPS4X', 'RPS15', 'RPL18', 'AOC1', 'RPL8', 'RPL13A', 'POGLUT1', 'RPL26', 'EEF2', 'RPL21', 'RPL4', 'CIRBP', 'RPL13', 'RPL9', 'RPS6', 'RAMP1', 'PMAIP1', 'KIF2A', 'SIAH2', 'RPS3', 'MGLL', 'NRP2', 'PPDPF', 'TUBA1C', 'TRAF1', 'NMRK1', 'ISCU', 'TBC1D4', 'IER3', 'HMSD', 'TVP23A', 'CD200', 'ERICH1', 'ZFP36L1', 'LY75', 'RAB8B', 'CYB5A', 'CD274', 'IL15', 'NFKBIA', 'VOPP1', 'ARHGAP10', 'SLCO5A1', 'KDM2B']"
cM10 (Granulocyte),"['CXCL8', 'FTH1', 'NAMPT', 'SRGN', 'G0S2', 'BCL2A1', 'SAT1', 'NEAT1', 'SOD2', 'H3F3B', 'B2M', 'S100A9', 'ALOX5AP', 'S100A8', 'LITAF', 'PLEK', 'IFITM2', 'FTL', 'NFKBIA', 'IVNS1ABP', 'IL1RN', 'IER3', 'LCP2', 'GPR109B', 'IL1B', 'MALAT1', 'AQP9', 'PLAUR', 'PHACTR1', 'CEBPB', 'SLC2A3', 'PPIF', 'TREM1', 'GLUL', 'LINC01272', 'SDCBP', 'CSF3R', 'TYROBP', 'OSM', 'C15orf48', 'FCGR3B', 'HCAR2', 'S100A11', 'HIF1A', 'MXD1', 'ZFP36', 'SOCS3', 'CD44', 'FCGR2A', 'PNRC1', 'HLA-B', 'DUSP1', 'CD53', 'SERPINA1', 'SLC25A37', 'LST1', 'FCER1G', 'PLAU', 'GK', 'TNFAIP6', 'PDE4B', 'CLEC7A', 'CXCR4', 'OLR1', 'CCL3', 'LCP1', 'CLEC4A', 'MNDA', 'ICAM1', 'FPR2', 'SGK1', 'IGSF6', 'RHOH', 'PTGS2', 'ITGAX', 'SAMSN1', 'NCF2', 'TAGAP', 'ACSL1', 'FPR1', 'RP11-213H15.3', 'HLA-C', 'CXCL1', 'CD83', 'CCL3L1', 'MT-RNR2', 'MT-RNR1', 'CDC42EP3', 'PI3', 'CMTM2', 'AC058791.1', 'CCL3L3', 'PROK2', 'IL1R2', 'FFAR2', 'ADGRG3']"
cMA01 (Mast),"['TPSAB1', 'TPSB2', 'CPA3', 'HPGDS', 'SRGN', 'LTC4S', 'MS4A2', 'CD69', 'H3F3B', 'ALOX5AP', 'ANXA1', 'RGS1', 'CLU', 'LAPTM4A', 'SAMSN1', 'FTH1', 'FCER1G', 'CD63', 'VWA5A', 'NFKBIA', 'KIT', 'RPL34', 'S100A4', 'PTMA', 'CD9', 'SLC18A2', 'VIM', 'GATA2', 'CAPG', 'FOS', 'RP11-354E11.2', 'TYROBP', 'RGS2', 'IER2', 'ITM2B', 'JUNB', 'MALAT1', 'C1orf186', 'GLUL', 'DUSP1', 'RGS13', 'HPGD', 'CTSG', 'IL1RL1', 'FTL', 'TSC22D3', 'HDC', 'MAOB', 'ARHGDIB', 'RPL26', 'FAU', 'SOCS1', 'TIMP1', 'B2M', 'CTD-3252C9.4', 'PFDN5', 'JUN', 'CKLF', 'RPL10', 'GPR65', 'RPS27A', 'RPL7', 'RPL32', 'FXYD5', 'RPS4X', 'CNRIP1', 'FOSB', 'RPL36AL', 'ZFP36', 'RPL11', 'CD37', 'TNFAIP3', 'UBB', 'EGR1', 'NSMCE1', 'EMP3', 'PPP1R15A', 'PLIN2', 'GRAP2', 'FCER1A', 'RPL21', 'LAPTM5', 'RAC2', 'RHOH', 'BEX4', 'PTGS1', 'ITM2A', 'BTG2', 'ASAH1', 'SDPR', 'ACSL4', 'CD44', 'KRT1', 'PTGS2', 'RPL35A', 'RPS25', 'C1orf162', 'BTK', 'CTD-3203P2.2', 'NDUFA4']"
cP1 (Plasma IgA),"['JCHAIN', 'IGHA1', 'SSR4', 'MZB1', 'TNFRSF17', 'DERL3', 'FKBP11', 'IGKC', 'IGHA2', 'HERPUD1', 'SEC11C', 'XBP1', 'CD79A', 'DNAJB9', 'FKBP2', 'SPCS2', 'UBE2J1', 'SSR3', 'SPCS1', 'FAM46C', 'RP3-412A9.11', 'SDF2L1', 'GNG7', 'MANF', 'IGLC2', 'POU2AF1', 'CRELD2', 'PRDX4', 'TSC22D3', 'PABPC4', 'FCRL5', 'PIM2', 'CD27', 'ANKRD28', 'ISG20', 'SPCS3', 'TXNDC15', 'VIMP', 'PLPP5', 'CYBA', 'HSP90B1', 'SEC61B', 'TRAM1', 'RP11-884K10.5', 'EVI2B', 'GYPC', 'EAF2', 'IGLC3', 'CCR10', 'BTG2', 'MEI1', 'CIRBP', 'DUSP5', 'SLAMF7', 'KRTCAP2', 'CD38', 'ERLEC1', 'PDIA6', 'SPAG4', 'H1FX', 'LGALS1', 'ICAM2', 'PDIA4', 'ICAM3', 'PRDM1', 'CREB3L2', 'TNFRSF13B', 'MEF2C', 'SERP1', 'SEC62', 'NUCB2', 'CCPG1', 'DNAJC3', 'TMEM59', 'SDC1', 'TPST2', 'TNFRSF18', 'TXNDC11', 'DNAJC1', 'PDK1', 'VIM', 'A1BG', 'ERN1', 'C19orf10', 'CITED2', 'EMP3', 'LY96', 'RP11-290F5.1', 'SPATS2', 'CHPF', 'LMAN2', 'DDOST', 'RABAC1', 'ALG5', 'TMEM258', 'SUB1', 'C16orf74', 'SEL1L', 'ITGB7', 'CD48', 'RPL3', 'GLTSCR2', 'EEF1A1', 'RPL10', 'TIMP1', 'RPL13A', 'RPS6', 'RPS4X', 'RPS20', 'RPS14', 'RPLP2', 'RPL12', 'RPL17', 'RPL5', 'DUSP1', 'SLC25A6', 'HNRNPA1', 'RPL31', 'RPS17', 'RPL7', 'RPL34', 'EEF2', 'RPL15', 'RPL27A', 'RPL13', 'RPL23A', 'RPS25', 'RPS3', 'RPL9', 'RPL8', 'RPL14', 'RPS18', 'RNASET2', 'RPL18', 'RPL11', 'RPL32', 'RPL35A', 'RPS27', 'RPL4', 'RPS3A', 'RACK1', 'PPDPF', 'RPL19', 'ITM2B', 'EIF4A2', 'RPL26', 'RPS16', 'RPL10A', 'EEF1D', 'RPS2', 'RPL36A', 'RPS27A', 'RPL6', 'XIST', 'RPS12', 'RPS9', 'TNFRSF4', 'RPS23', 'SPINK2', 'RPL21', 'RPL41', 'EIF3L', 'RPL38', 'RPS5', 'CTD-3252C9.4', 'CD63', 'BTF3', 'RPS15A', 'RPS26', 'SPINT2', 'RPL18A', 'RPL36', 'FOS', 'RPLP0', 'PAIP2B', 'RPL39', 'EIF3D', 'GPR160', 'TOMM7', 'NPM1', 'FXYD5', 'EIF3E', 'HSPB1', 'RPL36AL']"
cP2 (Plasma IgG),"['MZB1', 'SSR4', 'XBP1', 'IGKC', 'JCHAIN', 'DERL3', 'HERPUD1', 'IGHA1', 'FKBP11', 'TNFRSF17', 'SEC11C', 'CD79A', 'SPCS2', 'SPCS3', 'FAM46C', 'PIM2', 'PRDX4', 'UBE2J1', 'FCRL5', 'ANKRD28', 'SSR3', 'FKBP2', 'POU2AF1', 'SDF2L1', 'IGHG3', 'PRDM1', 'BTG2', 'DNAJB9', 'SPCS1', 'CD38', 'HSP90B1', 'IGHG1', 'TP53INP1', 'ERLEC1', 'ISG20', 'VIMP', 'MANF', 'TXNDC15', 'IGHA2', 'PLPP5', 'LMAN1', 'IGLC3', 'CD27', 'SEC61B', 'CREB3L2', 'CRELD2', 'RP11-884K10.5', 'ERN1', 'SEL1L', 'IGLC2', 'TSC22D3', 'IGHG4', 'ELL2', 'MEF2C', 'TXNDC11', 'TRAM1', 'PDK1', 'EAF2', 'CYBA', 'SLAMF7', 'JSRP1', 'RP3-412A9.11', 'SPATS2', 'KLF13', 'SEL1L3', 'SUB1', 'IFNAR2', 'RABAC1', 'RGS1', 'ZBP1', 'IGHG2', 'LY96', 'C19orf10', 'HIST1H1C', 'GYPC', 'GLCCI1', 'MEI1', 'SEC14L1', 'CPNE5', 'SPAG4', 'RP11-16E12.2', 'ST6GAL1', 'RP11-290F5.1', 'IGHM', 'DNAJC1', 'ICAM2', 'RAB30', 'SRM', 'SEC62', 'NUCB2', 'ALG5', 'GNG7', 'CLPTM1L', 'FBXW7', 'LAX1', 'H1FX', 'LGALS1', 'TPST2', 'PPIB', 'CITED2', 'NEAT1', 'MALAT1', 'MT-RNR1', 'MT-CO2', 'MT-RNR2', 'MT-ATP6', 'CXCR4', 'MT-ND4', 'MT-ND3', 'SAT1', 'MT-CO1', 'IGHGP', 'CPEB4', 'MT-CO3', 'MT-ND5', 'MT-ND1', 'COX7A2', 'MT-CYB', 'ANKRD12', 'PSME2', 'HIST1H2AC', 'GPR183', 'GLRX', 'PHPT1', 'CCND2', 'RASSF6', 'RNF213', 'CFLAR', 'POU2F2', 'H3F3A', 'DERL1', 'EIF5', 'EDEM1', 'RBM33', 'DDX17', 'PTP4A2', 'VOPP1', 'TIMM8B', 'FNDC3B', 'TYMP', 'EHMT1', 'SEC24A', 'CADM1', 'RNASE6', 'SAR1B', 'UQCC2', 'ATM', 'NDUFA4', 'CTSH', 'GAS6', 'KDELR2', 'DNAAF1', 'JUND', 'NDUFAF6', 'NXPE3', 'KIAA1551']"
cP3 (Plasma IgG prolif),"['MZB1', 'SEC11C', 'XBP1', 'DERL3', 'SPCS3', 'FKBP11', 'SDF2L1', 'SPCS2', 'JCHAIN', 'UBE2J1', 'SSR3', 'HSP90B1', 'SUB1', 'POU2AF1', 'SEC61B', 'TNFRSF17', 'C19orf10', 'IGKC', 'PPIB', 'LMAN1', 'SSR4', 'MANF', 'IGHA1', 'CD38', 'FAM46C', 'HIST1H4C', 'H2AFZ', 'CRELD2', 'SPCS1', 'PIM2', 'SRM', 'FKBP2', 'CD79A', 'PDIA4', 'PDIA6', 'ISG20', 'PRDX4', 'OSTC', 'EAF2', 'SMC4', 'CCDC167', 'RRM2', 'MTDH', 'PRDM1', 'CLPTM1L', 'HERPUD1', 'FCRL5', 'ERLEC1', 'CD27', 'ELL2', 'PLPP5', 'TRAM1', 'STMN1', 'TXNDC15', 'IFNAR2', 'TMEM258', 'IGHG3', 'MYBL2', 'TYMS', 'HIST1H1C', 'SEC61G', 'RABAC1', 'RPN2', 'KDELR2', 'DNAJB11', 'DERL1', 'MKI67', 'HMGB1', 'VIMP', 'HMGB2', 'RP11-884K10.5', 'SSR1', 'SERP1', 'VOPP1', 'COPE', 'SEC14L1', 'TXNDC11', 'ANKRD28', 'MEF2C', 'SPATS2', 'LMAN2', 'IGHG1', 'PCLAF', 'IGLC3', 'GGH', 'PTTG1', 'BIRC5', 'DNAJC1', 'CTSH', 'DAD1', 'GMPPB', 'HM13', 'SLAMF7', 'UBE2S', 'HSPA5', 'ALG5', 'TUBA1B', 'TP53INP1', 'CCDC69', 'PSME2', 'H3F3A', 'PTMA', 'GAPDH', 'HMGN2', 'PPIA', 'TUBB', 'RAN', 'CHCHD2', 'COX6C', 'COX8A', 'ACTB', 'RPS24', 'H2AFV', 'ATP5G3', 'LDHA', 'CFL1', 'ATP5E', 'UQCRH', 'HNRNPA2B1', 'RPS21', 'SLC25A5', 'SNRPG', 'ATP5J', 'YBX1', 'COX7B', 'CENPW', 'TPI1', 'LSM3', 'SNRPB', 'MZT2B', 'NDUFA4', 'NDUFV2', 'MYL6', 'ANP32B', 'HN1', 'NDUFS6', 'ENO1', 'CYCS', 'COX7A2', 'RANBP1', 'PFN1', 'HMGN1', 'COX6A1', 'RBX1', 'CKS2', 'RPSA', 'COX6B1', 'RPA3', 'SLC25A3', 'UQCRQ', 'UQCR10', 'CKS1B', 'ATP5J2', 'ARPC2', 'SNRPD1', 'LDHB', 'LSM5', 'POMP', 'TMPO', 'SERBP1', 'SET', 'GNG5', 'NUCKS1', 'CDKN3', 'DUT', 'SNRPF', 'PGAM1', 'PSMA7', 'CALM3', 'HNRNPAB', 'ANP32E', 'LSM7', 'PSMB3', 'SRP14', 'ATP5B', 'MAD2L1']"
cTNI01 (CD4+ IL7R+),"['MALAT1', 'IL7R', 'BTG1', 'FYB1', 'CXCR4', 'CD3D', 'PTPRC', 'EVL', 'TXNIP', 'TRBC2', 'CD3E', 'TSC22D3', 'CD2', 'IKZF1', 'LTB', 'PIK3IP1', 'SARAF', 'CD3G', 'ACAP1', 'RORA', 'CCR7', 'CD69', 'CLEC2D', 'GIMAP7', 'FYN', 'KLRB1', 'ETS1', 'GIMAP4', 'SPOCK2', 'TRAC', 'TRAF3IP3', 'ITK', 'BCL11B', 'CD48', 'CD40LG', 'RIPOR2', 'CD6', 'SELL', 'LEF1', 'TXK', 'MT-ND3', 'MT-ND2', 'MT-CO3', 'MT-CYB', 'MT-ND4', 'MT-ND1', 'MT-CO2', 'MT-ATP6', 'MT-CO1', 'MT-RNR2', 'ATM', 'MT-ND5', 'PABPC1', 'TCF7', 'SERINC5', 'MT-RNR1', 'MT-ND4L', 'NKTR', 'XIST']"
cTNI02 (CD4+ IL7R+SELL+),"['RPS27', 'RPS27A', 'RPS3A', 'RPL32', 'RPS12', 'RPL34', 'RPL13', 'RPS15A', 'RPS25', 'EEF1A1', 'RPL30', 'RPL9', 'RPL11', 'RPS13', 'RPL21', 'RPS14', 'RPL3', 'RPL19', 'RPS3', 'RPL10', 'RPL35A', 'RPS8', 'JUNB', 'RPS6', 'BTG1', 'RPS29', 'RPS23', 'RPLP2', 'RPL23A', 'RPS28', 'RPL22', 'RPL39', 'CD69', 'RPS4X', 'RPS16', 'RPL37', 'RPL5', 'RPL10A', 'RPL26', 'RPL28', 'RPL14', 'RPL18A', 'RPL41', 'RPL4', 'EEF1B2', 'IL7R', 'TPT1', 'RPL38', 'CXCR4', 'RPSA', 'RPS18', 'FAU', 'RPL18', 'RPL13A', 'RPL27', 'UBA52', 'SARAF', 'RPS20', 'RPL24', 'RPS10', 'RPL6', 'TOMM7', 'EEF1D', 'RPLP1', 'RPS9', 'CD3D', 'RPS15', 'LTB', 'RPS5', 'TRBC2', 'RPS2', 'RPL29', 'RPL15', 'PFDN5', 'MALAT1', 'RPL7', 'RPL27A', 'CD3E', 'CD48', 'RPL12', 'PABPC1', 'RPS7', 'RPL36', 'GLTSCR2', 'RPL31', 'NACA', 'RPS19', 'RPS21', 'CCR7', 'EIF3E', 'LDHB', 'ZFP36L2', 'TSC22D3', 'FYB1', 'RACK1', 'RPL35', 'FOS', 'NPM1', 'CD52', 'FXYD5', 'RPL8', 'RPL37A', 'RPL7A', 'KLF2', 'RPL36A', 'RPL23', 'RPS11', 'GPR183', 'TCF7', 'SELL', 'EEF2', 'RPLP0', 'ZFAS1', 'C6orf48', 'RPS24', 'SNHG8']"
cTNI03 (CD4+ IL7R+HSP+),"['HSPA1B', 'RPS27', 'RPL34', 'RPS29', 'RPS15A', 'HSPA1A', 'RPS25', 'BTG1', 'RPS27A', 'RPL21', 'IL7R', 'EEF1A1', 'RPL32', 'DNAJB1', 'RPL13', 'RPLP2', 'RPL3', 'RPL10', 'RPS3', 'RPS12', 'RPS3A', 'JUN', 'RPLP1', 'RPL11', 'RPS6', 'CD3D', 'MALAT1', 'RPS14', 'CXCR4', 'RPL9', 'RPL23A', 'RPL13A', 'RPL39', 'RPL30', 'CD3E', 'TXNIP', 'RPL19', 'RPL35A', 'RPL31', 'RPL38', 'RPL27A', 'TRBC2', 'RPS28', 'RPS19', 'RPL41', 'CD52', 'RPL36A', 'RPS13', 'RPL26', 'HSP90AA1', 'RPL28', 'B2M', 'RPL4', 'RPL18A', 'RPS16', 'RPS17', 'EEF1D', 'RPL14', 'RPL27', 'RPL7', 'TSC22D3', 'RPS4X', 'RPS10', 'RPS18', 'RPL37', 'LTB', 'SARAF', 'RPS8', 'RPL10A', 'FAU', 'FXYD5', 'CD69', 'TOMM7', 'RPS20', 'RPS23', 'GLTSCR2', 'RPS2', 'HLA-B', 'RPSA', 'RPS15', 'CD2', 'DUSP1', 'HSPA8', 'PIK3IP1', 'RPL17', 'RPL35', 'ZFP36L2', 'ARHGDIB', 'RPL22', 'RPS9', 'TMSB4X', 'RPL15', 'JUNB', 'RPL5', 'UBA52', 'RPS21', 'PFDN5', 'RPL36', 'CD7', 'LAPTM5', 'RPL12', 'RPLP0', 'HSPE1', 'RPL18', 'RPS5', 'RPL8', 'EEF1B2', 'KLF2', 'RACK1', 'FOS', 'RPL37A', 'EIF3E', 'RPL29', 'PABPC1', 'HSPB1', 'CCR7', 'TPT1', 'SELL', 'EEF2', 'LDHB', 'NPM1', 'RGS2', 'ANXA1', 'HSPH1', 'EGR1', 'HSPA6', 'HSP90AB1', 'EIF4A2', 'BTG2', 'IER2', 'FOSB', 'GIMAP4', 'UBB', 'RHOB', 'UBC']"
cTNI04 (CD4+ IL7R+CCL5+),"['IL7R', 'RPLP1', 'CD69', 'CXCR4', 'BTG1', 'RPS27A', 'KLRB1', 'TSC22D3', 'RPS27', 'CD3D', 'S100A4', 'EEF1A1', 'RPS12', 'RPL34', 'ZFP36L2', 'RPL13', 'TPT1', 'RPS15A', 'RPS25', 'RPL10', 'RPL32', 'CD52', 'CD2', 'DUSP1', 'RPL30', 'RPS3A', 'LTB', 'TRBC2', 'B2M', 'FOS', 'RPL28', 'ANXA1', 'RPL9', 'TNFAIP3', 'RPS29', 'RPS19', 'CD3E', 'RPS3', 'RPL11', 'RPL3', 'RPL21', 'RPL23A', 'RPS14', 'NFKBIA', 'RPLP2', 'TXNIP', 'RPL19', 'IL32', 'TMSB4X', 'RPSA', 'RPS16', 'RPS13', 'KLF6', 'RPL35A', 'RPL14', 'RPS4X', 'RPS6', 'FAU', 'RPL39', 'RPL41', 'RPL27', 'RPL10A', 'ARHGDIB', 'UBA52', 'RPL6', 'RPL26', 'RPS23', 'SARAF', 'CORO1A', 'RPS10', 'JUNB', 'MALAT1', 'RPL5', 'RPL18A', 'RPL37', 'TOMM7', 'CD48', 'CYTIP', 'SRGN', 'GPR171', 'RPL38', 'HLA-B', 'RPL13A', 'RPS8', 'RPL27A', 'EEF1D', 'RPS20', 'RORA', 'RPL4', 'VIM', 'EVL', 'PFDN5', 'GPR183', 'GMFG', 'CD3G', 'RPL22', 'RPL15', 'SPOCK2', 'RPS18', 'HCST', 'RPLP0', 'RPS5', 'RPS2', 'RPL35', 'EEF1B2', 'RPL18', 'RPL29', 'RPL12', 'RPL36', 'RPS21', 'RPS9', 'RPL8', 'CD40LG', 'RPL7', 'RPL7A', 'RPS28', 'RPL36A', 'S100A11', 'S100A10', 'RPL31', 'GLTSCR2', 'RPS7', 'JUN', 'FTH1', 'RPL37A', 'RPL24', 'S100A6', 'CCL5', 'ZFP36', 'CTD-3252C9.4', 'ID2', 'FKBP11', 'FOSB', 'PTGER2', 'AC092580.4', 'MYADM', 'HOPX', 'ITM2B', 'PDCD4', 'PLAC8']"
cTNI05 (CD4+ IL17+),"['KLRB1', 'CD3D', 'S100A4', 'CD2', 'TRBC2', 'B2M', 'CD52', 'TMSB4X', 'RGS1', 'CD3E', 'AC092580.4', 'RPLP1', 'SH3BGRL3', 'CD3G', 'ARHGDIB', 'ACTB', 'BTG1', 'CORO1A', 'PFN1', 'CKLF', 'IL32', 'EVL', 'GZMA', 'ID2', 'CD69', 'TRAC', 'LCK', 'LAPTM5', 'RORA', 'SPOCK2', 'SRGN', 'FYB1', 'LTB', 'GMFG', 'PTPRC', 'IL7R', 'RAC2', 'TNFAIP3', 'RPS27', 'HLA-B', 'CXCR4', 'MYL12A', 'ALOX5AP', 'ACAP1', 'ARPC2', 'CD40LG', 'TSC22D3', 'STK17B', 'RPS29', 'RAP1B', 'EIF1', 'CYTIP', 'HLA-A', 'OSTF1', 'HLA-C', 'CD6', 'TMA7', 'CALM1', 'CFL1', 'COTL1', 'IL2RG', 'RPS15A', 'ARPC1B', 'RARRES3', 'MYL6', 'DUSP1', 'CD7', 'STK17A', 'ABRACL', 'HCST', 'RPS19', 'MALAT1', 'TPT1', 'KLF6', 'VIM', 'EEF1A1', 'GPSM3', 'LAT', 'TBC1D10C', 'AAK1', 'NFKBIA', 'GPR171', 'SARAF', 'LSP1', 'RPS27A', 'CD96', 'CCL20', 'ATP5E', 'CXCR6', 'SLA', 'CYTOR', 'RPL34', 'UBA52', 'EEF1D', 'DDX5', 'AMICA1', 'PPP1R18', 'YWHAQ', 'RPL28', 'CLEC2D', 'S100A6', 'IL17A', 'TMEM167A', 'CTSH', 'CAPG', 'FTH1', 'CCR6', 'SELT', 'CAPZB', 'ANKRD28', 'RPLP0', 'MAF', 'ITM2B', 'ACTG1', 'TPM4', 'MGAT4A', 'IL26', 'MYL12B', 'YWHAH', 'ADAM19', 'ZFP36L1', 'GPR183', 'SERF2', 'CREM', 'RAP1A', 'LGALS3', 'CIB1', 'ATP5L', 'S100A11', 'FURIN', 'UCP2', 'DYNLL1', 'IFI44', 'RP11-138A9.1', 'NDUFB2', 'TNFRSF25', 'FKBP11', 'ADA', 'FNBP1', 'RBPJ', 'UQCR11', 'ARPC3', 'RP11-138A9.2', 'CCDC107', 'NDUFV2', 'TMIGD2', 'GAPDH', 'DRAP1', 'CLIC1', 'ABI3', 'CLEC2B', 'PSME2', 'CAP1', 'PPP1CA', 'IFI27L2', 'PSME1', 'ACTR3', 'PSMA7', 'DBI', 'RHOA', 'TPM3', 'TPI1', 'ELOB', 'UBL5', 'COX8A', 'POMP']"
cTNI06 (CD4+ TFH),"['RPS27', 'RPLP1', 'CD3D', 'TRBC2', 'RPS15A', 'RPS3A', 'SRGN', 'EEF1A1', 'RPL34', 'RPS27A', 'RPL30', 'RPL11', 'FYB1', 'RPS25', 'RPS29', 'RPL9', 'RPL19', 'RPS8', 'PTPRC', 'EEF1D', 'RPL32', 'CD2', 'RPL15', 'RPL13', 'BTG1', 'RPL6', 'RPS13', 'RPS4X', 'TMSB4X', 'RPL3', 'RPL22', 'FAU', 'RPL35A', 'KLRB1', 'CD3E', 'RPL41', 'RPL37', 'RPL21', 'RPS28', 'UBA52', 'RPS23', 'ITM2A', 'RPL28', 'RPL10', 'PFDN5', 'RPS14', 'CD52', 'RPL23A', 'RPL26', 'LTB', 'RPL24', 'RPS6', 'RPS3', 'TOMM7', 'MALAT1', 'TIGIT', 'B2M', 'RPL13A', 'GMFG', 'C9orf16', 'ARHGDIB', 'FKBP5', 'RPL5', 'NR3C1', 'RPS7', 'RPL4', 'RPLP2', 'CXCR4', 'HLA-A', 'RPS12', 'COTL1', 'RPL27', 'RPS16', 'CD27', 'IL32', 'RPL18', 'RPL39', 'CD3G', 'EVL', 'TRAC', 'LAT', 'COMMD6', 'GIMAP7', 'RPS15', 'CD37', 'RPL14', 'RPL10A', 'ICA1', 'RPL27A', 'RAC2', 'EEF1B2', 'RPS9', 'RPL18A', 'LCK', 'FYN', 'SPOCK2', 'RPL29', 'RPS10', 'NACA', 'SEPT6', 'RPL36', 'RPS18', 'IL6ST', 'RPL7A', 'CORO1B', 'PASK', 'RPL7', 'RPL12', 'RPL8', 'HINT1', 'DRAIC', 'RACK1', 'COX7C', 'RPS24', 'LIMS1', 'SMCO4', 'RPS11', 'C20orf100', 'TBC1D4', 'RP5-1028K7.2', 'MAF', 'RPL37A', 'TCF7', 'RPS2', 'SESN1', 'RPL23', 'EIF3E', 'RPS21', 'PPP1CC', 'RPS5', 'RPL38', 'H2AFZ', 'RNF19A', 'TMEM243', 'PDCD1', 'CD84', 'CHI3L2', 'BTF3', 'CXCL13', 'PPP2R5C', 'IKZF3', 'ATP5G2', 'EIF3F']"
cTNI07 (CD4+ CXCL13+),"['CXCL13', 'B2M', 'SRGN', 'RGS1', 'CD3D', 'CD2', 'S100A4', 'TRBC2', 'TMSB4X', 'BTG1', 'KLRB1', 'CD7', 'HLA-A', 'SH3BGRL3', 'RBPJ', 'CD3E', 'HLA-B', 'TNFRSF18', 'CD52', 'ALOX5AP', 'TSC22D3', 'IL32', 'DUSP4', 'HLA-C', 'NR3C1', 'ACTB', 'PTPRC', 'SLA', 'AC092580.4', 'CXCR4', 'PFN1', 'GMFG', 'SPOCK2', 'CTLA4', 'PRDM1', 'LAPTM5', 'ARHGDIB', 'EVL', 'RPS27', 'TRAC', 'CD3G', 'FKBP5', 'TXNIP', 'TNFRSF4', 'FYB1', 'CORO1A', 'ITM2A', 'ID2', 'SAMSN1', 'CLEC2D', 'HCST', 'TMA7', 'CYTIP', 'IFITM2', 'TIGIT', 'RORA', 'LSP1', 'RPLP1', 'ZFP36L2', 'MALAT1', 'NFKBIA', 'COTL1', 'ACAP1', 'TMSB10', 'MYL6', 'IL2RG', 'EIF1', 'CD96', 'GPR171', 'BATF', 'LCK', 'TNFAIP3', 'DDX5', 'ARPC2', 'CKLF', 'RAC2', 'ATP5E', 'ETS1', 'FYN', 'SARAF', 'MAF', 'SRP14', 'RPS29', 'RPS15A', 'CD247', 'MT2A', 'CD6', 'IL7R', 'PSMB9', 'PTPN7', 'BIRC3', 'HLA-E', 'H3F3B', 'CFL1', 'GZMB', 'GZMA', 'GAPDH', 'FXYD5', 'OST4', 'CCL4', 'S100A11', 'SERF2', 'FTH1', 'YWHAQ', 'PKM', 'RNF19A', 'TMEM173', 'ISCU', 'TPI1', 'SOD1', 'DNPH1', 'NAP1L4', 'TGIF1', 'CORO1B', 'SEM1', 'AC018816.4', 'PAG1', 'AC133644.2', 'TSPO', 'C9orf16', 'ELOB', 'SNX9', 'PDCD1', 'SMCO4', 'CD4', 'UBL5', 'UQCR11', 'METTL8', 'TYMP', 'KIAA0319L', 'ARID5B', 'MTHFD2', 'OAZ1', 'SEC61G', 'PARK7', 'SKP1', 'PGAM1', 'EDF1', 'IL6ST', 'PRDX1', 'CHN1', 'ZBED2', 'CFLAR', 'CTSB', 'GNG5', 'ANAPC16', 'TMEM167A', 'BTLA', 'SMARCA2', 'CCDC167', 'C4orf48', 'CTSD', 'CCL5', 'ANKRD28', 'IFNG', 'CD99', 'BST2', 'HMGB1', 'LY6E', 'CLIC1', 'RHOA', 'HAVCR2', 'APOBEC3G', 'MYL12B', 'FABP5', 'FKBP1A', 'ENTPD1', 'CD63', 'PSMA7', 'HLA-DPA1', 'UBB', 'RAB27A', 'ZEB2']"
cTNI08 (CD4+ Treg),"['IL32', 'S100A4', 'B2M', 'CD3D', 'LTB', 'TRBC2', 'CD2', 'RGS1', 'BTG1', 'HLA-A', 'BATF', 'MALAT1', 'CD7', 'TNFRSF4', 'CD3E', 'TNFRSF18', 'SRGN', 'SPOCK2', 'HLA-B', 'ARHGDIB', 'TRAC', 'TSC22D3', 'TIGIT', 'CD27', 'PTPRC', 'CORO1A', 'CTLA4', 'CD52', 'GMFG', 'HLA-C', 'BIRC3', 'LCK', 'DUSP4', 'RAC2', 'ACTB', 'CYTOR', 'TMSB4X', 'IL2RG', 'PFN1', 'DDX5', 'STK17B', 'CARD16', 'CD3G', 'HLA-E', 'EIF1', 'ICOS', 'FOXP3', 'UCP2', 'ARPC1B', 'TNFRSF1B', 'IL2RA', 'FYB1', 'IL7R', 'H3F3B', 'ACAP1', 'SLA', 'PRDM1', 'CYTIP', 'LAT', 'RPS27', 'AC133644.2', 'TNFAIP3', 'DUSP1', 'ARL6IP5', 'RORA', 'CTSC', 'LAPTM5', 'EVL', 'FXYD5', 'CD247', 'LSP1', 'GBP2', 'SARAF', 'MAF', 'IL2RB', 'SH3BGRL3', 'ATP5E', 'SH2D2A', 'CST7', 'AC068491.1', 'PTPN7', 'RP11-347P5.1', 'FYN', 'CORO1B', 'CREM', 'CXCR4', 'MYL6', 'PBXIP1', 'SAMSN1', 'JUNB', 'LIMD2', 'PIM2', 'IKZF1', 'CKLF', 'HCST', 'ARID5B', 'CD37', 'SIT1', 'NFKBIA', 'SAT1', 'TMSB10', 'DNPH1', 'PMAIP1', 'TBC1D4', 'TYMP', 'FTH1', 'RTKN2', 'UGP2', 'RPS27L', 'S100A6', 'NEAT1', 'LAIR2', 'VMP1', 'GLRX', 'CD4', 'AC017002.1', 'SOD1', 'IL1R2', 'GADD45A', 'PHLDA1', 'OAZ1', 'SLAMF1', 'NAMPT', 'CD28', 'ENO1', 'SOCS3', 'MAGEH1', 'COX17', 'YWHAB', 'ICA1', 'PRDX1', 'CD79B', 'PKM', 'UBC', 'H3F3A', 'RAP1A', 'RHOG', 'C4orf48', 'ATOX1', 'GPR183', 'BTG3', 'SMAP2', 'PRDX2', 'RNF213', 'PMVK', 'CD74', 'HINT1', 'SUB1', 'ISCU', 'COX5B', 'SUMO2', 'TNFRSF9', 'EMP3', 'CALM3', 'CLIC1', 'ACP5', 'PARK7', 'FKBP1A', 'CYBA', 'ENTPD1', 'ISG15', 'NOP10', 'DYNLL1', 'LGALS1', 'CCND2', 'AC002331.1', 'HERPUD1']"
cTNI09 (CD4+ Treg prolif),"['ACTB', 'S100A4', 'PFN1', 'TUBB', 'CORO1A', 'STMN1', 'CD3D', 'CD2', 'TUBA1B', 'HMGB2', 'ARHGDIB', 'H2AFZ', 'PTMA', 'TRBC2', 'HMGB1', 'IL32', 'RAC2', 'HMGN2', 'BATF', 'DUT', 'PCLAF', 'GMFG', 'CD3E', 'COTL1', 'ARPC2', 'GAPDH', 'VIM', 'RAN', 'CFL1', 'SUB1', 'TMSB4X', 'TRAC', 'SPOCK2', 'ENO1', 'RANBP1', 'ARPC1B', 'MYL6', 'CALM3', 'CD3G', 'LCK', 'H2AFV', 'PKM', 'SUMO2', 'ACTG1', 'HNRNPA2B1', 'TNFRSF18', 'ANP32B', 'CD7', 'ANP32E', 'TYMS', 'PGAM1', 'CYTOR', 'PCNA', 'HMGN1', 'LCP1', 'PTTG1', 'CCDC167', 'RPA3', 'PPIA', 'SNRPG', 'B2M', 'LDHB', 'MT2A', 'PARK7', 'RPSA', 'DEK', 'CALM1', 'PTPRC', 'CKLF', 'SNRPB', 'DUSP4', 'PSMB9', 'SH3BGRL3', 'LAT', 'NAP1L1', 'SMC4', 'LSP1', 'NUDT1', 'RGS1', 'PTPN7', 'SRGN', 'ATP5L', 'CD52', 'SRSF2', 'LDHA', 'IL2RG', 'HNRNPC', 'IFI16', 'NUSAP1', 'CHCHD2', 'CTLA4', 'TMA7', 'PPP1CA', 'ACTR3', 'MKI67', 'SEPT6', 'SRSF3', 'YWHAQ', 'TPM3', 'FYB1', 'YBX1', 'SLC25A5', 'CKS1B', 'TMSB10', 'TOP2A', 'HN1', 'SNRPD1', 'TXN', 'TK1', 'TPI1', 'SMC2', 'ZWINT', 'TPM4', 'H3F3A', 'COX8A', 'LSM5', 'MCM7', 'CKS2', 'PRDX1', 'TMPO', 'TUBB4B', 'HINT1', 'RRM2', 'TMEM106C', 'CENPM', 'BIRC5', 'H2AFY', 'UBE2C', 'HIST1H4C', 'ATP5G3', 'DNAJC9', 'PMVK', 'PRDX2', 'UBE2T', 'COX5A', 'CDK1', 'SLC25A3', 'MAD2L1', 'SNRPE', 'YWHAH', 'CBX3', 'TUBA1C', 'MRPL51', 'SERBP1', 'CARHSP1', 'DTYMK', 'CENPW', 'NME1', 'SNRPF', 'HNRNPAB', 'RBX1', 'NASP', 'CACYBP', 'PSMA7', 'FABP5', 'POMP', 'PSMA4', 'NUCKS1', 'SIVA1', 'ARPC5', 'LSM3']"
cTNI10 (CD8+ IL7R+),"['CCL5', 'CD3D', 'CD52', 'CD8A', 'TMSB4X', 'CD2', 'B2M', 'CD3E', 'IL32', 'CD7', 'HCST', 'BTG1', 'TRBC2', 'CD8B', 'CXCR4', 'NKG7', 'CD69', 'ZFP36L2', 'S100A4', 'RPLP1', 'RPS27', 'ID2', 'AC092580.4', 'KLRD1', 'EVL', 'KLRB1', 'MALAT1', 'RPLP2', 'SH3BGRL3', 'CD3G', 'HLA-B', 'CORO1A', 'RPS15A', 'ARHGDIB', 'CCL4', 'RPS19', 'RPS27A', 'GZMA', 'RPS29', 'RPS12', 'RGS1', 'HLA-C', 'EEF1A1', 'RPL34', 'TSC22D3', 'IL7R', 'RPS25', 'HOPX', 'TRAC', 'RPL28', 'RPL21', 'RPL32', 'RPL13', 'FYB1', 'ALOX5AP', 'PTPRC', 'RPL10', 'CD48', 'RARRES3', 'GPR171', 'RPS3', 'ACAP1', 'HLA-A', 'RPL23A', 'RPS3A', 'GZMM', 'CYTIP', 'COTL1', 'PFN1', 'ACTB', 'EEF1D', 'TRGC2', 'LCK', 'MYL12A', 'SRGN', 'CKLF', 'RAC2', 'RPL30', 'RPL9', 'TPT1', 'SARAF', 'UBA52', 'RPL27', 'RPS20', 'RPL13A', 'RPL3', 'RPL27A', 'FAU', 'LAPTM5', 'RPS6', 'TXNIP', 'RPL11', 'ANXA1', 'HLA-E', 'RPL19', 'VIM', 'CD96', 'RPSA', 'RPL4', 'XCL2', 'RPS18', 'MT-ND2', 'RPL39', 'FKBP11', 'XCL1', 'MT-CO1', 'ITM2C', 'PTGER4', 'RPL35', 'ITGA1', 'CD160', 'RPL38', 'AMICA1', 'IGHA1', 'RPL31', 'ZFP36', 'RPS2', 'PTGER2', 'RPL14', 'GRAP2', 'RPL12', 'RPS16', 'MT-ND4', 'MT-CO3', 'ITM2B', 'MT-CYB', 'RPS4X', 'RP11-640M9.1', 'RPS14', 'RPS8', 'FTL', 'MT-ND1', 'S100A10', 'RPL10A', 'RPLP0', 'FOS', 'RPL5', 'RPS13', 'RPL7', 'EEF1B2', 'RPL8', 'RPS23', 'RPL18A', 'RPS5', 'RPL37', 'RPL35A', 'RPL26', 'RPL22', 'RPL41', 'PABPC1', 'RPL29', 'RPS10', 'RPS9', 'GLTSCR2', 'RPS28', 'RPS15', 'RPL36', 'RPL37A', 'RPS11', 'RPL6', 'RPS7', 'RPL18', 'RPL7A', 'RPS17', 'RPL36A', 'TOMM7', 'RPL15', 'PFDN5']"
cTNI11 (CD8+GZMK+),"['CCL5', 'GZMK', 'NKG7', 'CCL4', 'B2M', 'CXCR4', 'RPS27', 'BTG1', 'CST7', 'CD3D', 'GZMA', 'MALAT1', 'HCST', 'HLA-B', 'TRBC2', 'HLA-A', 'RPS15A', 'TMSB4X', 'CD2', 'CD52', 'RPS29', 'DUSP2', 'IL32', 'CD69', 'CD3E', 'RPL28', 'HLA-C', 'RPL23A', 'PTPRC', 'RPS25', 'SRGN', 'RARRES3', 'CD8A', 'EVL', 'CORO1A', 'RPLP2', 'TSC22D3', 'GZMH', 'HLA-E', 'FAU', 'ZFP36L2', 'RPL27A', 'RPS27A', 'RPL13', 'ARHGDIB', 'RPS3', 'CD8B', 'GZMM', 'RPL30', 'RPL10', 'RPS12', 'CLEC2B', 'GIMAP4', 'CD3G', 'EIF1', 'RPL13A', 'RGS1', 'RPL41', 'GIMAP7', 'CD48', 'PPP2R5C', 'LCK', 'H3F3B', 'EEF1D', 'SH3BGRL3', 'ACAP1', 'RPS14', 'CYTIP', 'CD7', 'GMFG', 'APOBEC3G', 'FYB1', 'TMA7', 'DDX5', 'RAC2', 'RPL21', 'RPL34', 'TOMM7', 'RPL26', 'FYN', 'RPL27', 'RPL38', 'TRAC', 'PSMB9', 'RPL35A', 'PFN1', 'RPLP1', 'STK17A', 'TXNIP', 'COTL1', 'STK4', 'CD27', 'CD37', 'SARAF', 'ANXA1', 'GPR171', 'RPL14', 'TRAT1', 'RPS19', 'RPL3', 'CMC1', 'LYAR', 'KLRG1', 'ITM2C', 'HLA-DPB1', 'CD74', 'CD44', 'EOMES', 'SH2D1A', 'RPL39', 'CYBA', 'ITGB2', 'CLDND1', 'KLF2', 'IGKC', 'RPS24', 'RPL36', 'RPS15', 'RPS16', 'RPS28', 'PIK3R1', 'EMP3', 'RPS18', 'RPS7', 'RPS8', 'RPL9', 'EEF1A1', 'RPL18A', 'RPS23', 'RPS3A', 'RPL19', 'RPS2', 'RPL32', 'RPL11', 'RPS6', 'RPL10A', 'RPL5', 'RPL7A', 'RPS20', 'RPS4X', 'RPS13', 'RPS9', 'RPS5', 'RPS10', 'RPL35', 'RPS21', 'RPL7', 'RPL18', 'RPL31', 'RPL6', 'GPR183', 'RPL37', 'RPL24', 'RPL36A', 'RPL29', 'RPL37A', 'EEF1B2', 'MT-ND2', 'RACK1', 'TPT1', 'RPSA', 'RPL12', 'FOS', 'RPL8', 'RPLP0', 'JUNB', 'RPL15', 'UBA52', 'RPS11', 'GLTSCR2']"
cTNI12 (CD8+ IL7R+),"['MALAT1', 'MT-ATP6', 'CCL5', 'MT-ND3', 'PTPRC', 'CXCR4', 'TSC22D3', 'MT-RNR1', 'MT-RNR2', 'CD69', 'CD2', 'TNFAIP3', 'MT-CYB', 'ZFP36L2', 'KLRD1', 'DDX5', 'EVL', 'MT-ND5', 'BTG1', 'RGS1', 'HLA-B', 'HLA-A', 'JUND', 'PPP2R5C', 'GZMA', 'KLF6', 'MT-ND4', 'CCL4', 'ETS1', 'GPR171', 'MT-CO1', 'CTD-3252C9.4', 'MT-ND1', 'RUNX3', 'HLA-E', 'CD8A', 'CELF2', 'MT-CO2', 'ACAP1', 'MT-CO3', 'CD3D', 'CD3G', 'NEAT1', 'IKZF3', 'CLEC2D', 'NKG7', 'FYN', 'DDX17', 'SRGN', 'CD7', 'FYB1', 'STK4', 'MCL1', 'PTPN22', 'IKZF1', 'RNF213', 'SYTL3', 'MBNL1', 'PRF1', 'SRSF7', 'KIAA1551', 'GZMB', 'ITGA1', 'CD3E', 'TRBC2', 'N4BP2L2', 'RORA', 'XIST', 'DDX3X', 'CD96', 'RSRP1', 'IL7R', 'ANKRD28', 'MIAT', 'LCP1', 'ZEB2', 'SLA', 'DUSP2', 'FKBP5', 'AKNA', 'DUSP4', 'SPOCK2', 'CBLB', 'DOCK8', 'CTSW', 'PIK3IP1', 'WIPF1', 'MT-ND2', 'MT-ND4L', 'FOSB', 'MT-ND6', 'FUS', 'MACF1', 'IGKC', 'CCNL1', 'IQGAP1', 'VMP1', 'SYNE2', 'ARID1B', 'MT-ATP8', 'HNRNPU', 'IVNS1ABP', 'HNRNPH1', 'RBM39', 'AKAP13', 'JUN', 'RNF19A', 'NKTR', 'LUC7L3', 'PAG1', 'IGHA1', 'PCSK7', 'ADGRE5', 'LENG8', 'RBPJ', 'PNISR', 'HSP90AA1', 'MGEA5', 'AHNAK', 'OGT', 'PDE3B', 'GLS', 'SMCHD1', 'SMG1', 'SON', 'ATM', 'PARP8', 'DYNC1H1', 'SFPQ', 'TBL1XR1', 'WNK1', 'ATF7IP', 'FOS', 'NFKBIZ', 'LNPEP', 'VPS13C', 'NR4A2', 'BCLAF1']"
cTNI13 (CD8+ T IL17+),"['KLRB1', 'AC092580.4', 'CD3D', 'S100A4', 'CD69', 'CD52', 'GZMA', 'RGS1', 'BTG1', 'ID2', 'EVL', 'IL32', 'CD3G', 'TRBC2', 'CD2', 'CXCR4', 'CCL5', 'CD3E', 'RORA', 'CCL4', 'DUSP1', 'NFKBIA', 'HLA-B', 'HCST', 'TNFAIP3', 'LTB', 'CD7', 'SPOCK2', 'CD8A', 'CORO1A', 'TSC22D3', 'GPR171', 'B2M', 'NCR3', 'SRGN', 'PTPRC', 'ALOX5AP', 'LCK', 'PRDM1', 'HLA-C', 'TMIGD2', 'AMICA1', 'CYTIP', 'SLA', 'RPLP1', 'TXNIP', 'ACAP1', 'ARHGDIB', 'TRAC', 'ZFP36', 'LAPTM5', 'TMSB4X', 'HLA-E', 'CALM1', 'CTD-3252C9.4', 'PPP2R5C', 'SH3BGRL3', 'HLA-A', 'ETS1', 'CD96', 'RAC2', 'ANKRD28', 'CTSW', 'LSP1', 'OSTF1', 'DDX5', 'GMFG', 'CLEC2B', 'CD247', 'CKLF', 'CXCR6', 'FYN', 'RAP1B', 'EIF1', 'FNBP1', 'STK17B', 'CLEC2D', 'KLF6', 'SEPT7', 'MALAT1', 'RBPJ', 'IKZF3', 'CTLA4', 'ZFP36L2', 'NKG7', 'CD48', 'IL2RG', 'PTPN22', 'TRGC2', 'STK17A', 'ODF2L', 'MYL12A', 'RUNX3', 'JUND', 'CELF2', 'RNF19A', 'ACTB', 'GPR65', 'IL7R', 'CST7', 'FKBP11', 'CCL20', 'S100A6', 'MT-ATP6', 'ZFP36L1', 'MT-CYB', 'PDE4D', 'MT-ND3', 'MT-RNR1', 'MT-CO3', 'YWHAQ', 'MT-ND1', 'NMRK1', 'MGAT4A', 'SRGAP3', 'PRR5', 'GNAS', 'MT-RNR2', 'IL17A', 'ZNRF1', 'TMEM167A', 'LST1', 'MT-ND4', 'BTG2', 'ERN1', 'IL23R', 'CDV3', 'MT-CO1', 'ADAM12', 'ZEB2', 'MAF', 'RP11-138A9.1', 'CTSH', 'CYCS', 'PAK2', 'MT2A', 'NBL1', 'MT-ND5', 'MCL1', 'TPM3', 'CCNH', 'MT-CO2', 'CITED2', 'PTMS', 'JUN', 'TNFSF13B', 'PDCD4', 'FOS', 'IGKC', 'PHACTR2', 'IGHA1', 'SLAMF1', 'JAK1', 'AQP3', 'ZBTB16', 'HPGD', 'RP11-138A9.2', 'GPR82', 'EEF1A1', 'IKZF2', 'RBL2', 'IL26', 'CCR6', 'PEBP1', 'PERP', 'PBXIP1', 'TLE1', 'AAK1', 'HELZ', 'TNFRSF25']"
cTNI14 (CD8+ CXCL13+),"['CCL5', 'CD3D', 'GZMB', 'GZMA', 'B2M', 'CD2', 'NKG7', 'CD52', 'CCL4', 'RGS1', 'HCST', 'AC092580.4', 'CD7', 'TRBC2', 'CXCL13', 'SH3BGRL3', 'HLA-A', 'TMSB4X', 'IL32', 'CD8A', 'HLA-B', 'CD3E', 'GZMH', 'HLA-C', 'ID2', 'S100A4', 'BTG1', 'KLRD1', 'EVL', 'ALOX5AP', 'CD3G', 'CXCR4', 'CORO1A', 'SRGN', 'COTL1', 'RBPJ', 'CD69', 'RPS27', 'ACTB', 'TRAC', 'PTPRC', 'TSC22D3', 'GNLY', 'ZFP36L2', 'LSP1', 'PRF1', 'ARHGDIB', 'CLEC2B', 'CD8B', 'MALAT1', 'PFN1', 'CST7', 'RARRES3', 'IFNG', 'ACAP1', 'CLEC2D', 'CTSW', 'ATP5E', 'LCK', 'PSMB9', 'CYTOR', 'HLA-E', 'KLRB1', 'APOBEC3G', 'GPR171', 'RAC2', 'ITM2A', 'TMA7', 'LAG3', 'HAVCR2', 'FYB1', 'CKLF', 'ARPC2', 'SLA', 'CD96', 'CYTIP', 'TIGIT', 'RPS29', 'MYL12A', 'CFL1', 'GMFG', 'HLA-DRB1', 'HLA-DPB1', 'AC002331.1', 'DUSP4', 'EIF1', 'RPS26', 'HLA-DPA1', 'RPS19', 'IL2RG', 'ETS1', 'MYL6', 'CXCR6', 'H3F3B', 'SAMSN1', 'DDX5', 'LAPTM5', 'CD74', 'CCL3', 'PSME1', 'HLA-DRA', 'MT2A', 'CD63', 'HLA-DQA1', 'FABP5', 'RP11-291B21.2', 'GAPDH', 'HLA-DQB1', 'VCAM1', 'CLIC1', 'S100A6', 'ANKRD28', 'UBL5', 'SERF2', 'CRTAM', 'PTMS', 'HERPUD1', 'BLOC1S1', 'IFI27L2', 'ANXA5', 'RABAC1', 'RAB27A', 'HLA-DRB5', 'ITGAE', 'ZNF683', 'SUB1', 'FKBP1A', 'TMSB10', 'APOBEC3C', 'CTSD', 'MIR155HG', 'CYBA', 'HMGB1', 'PARK7', 'C12orf75', 'PAG1', 'CHST12', 'SRP14', 'ACP5', 'ATP5L', 'RPS24', 'OST4', 'NDFIP2', 'CTLA4', 'TSPO', 'UQCR11']"
cTNI15 (CD8+ CXCL13+ HSP+),"['CCL5', 'HSPA1A', 'DNAJB1', 'GZMB', 'GZMA', 'HSPA1B', 'CD3D', 'CD2', 'NKG7', 'B2M', 'CD7', 'CXCL13', 'HLA-B', 'HSP90AA1', 'HLA-A', 'CD52', 'RGS1', 'ID2', 'TRBC2', 'CCL4', 'HCST', 'CD3E', 'HLA-C', 'SH3BGRL3', 'AC092580.4', 'SRGN', 'UBC', 'TMSB4X', 'IFNG', 'EVL', 'GZMH', 'IL32', 'PRF1', 'HSPA8', 'ALOX5AP', 'BTG1', 'S100A4', 'CD8A', 'ITM2A', 'JUN', 'RBPJ', 'LAG3', 'HLA-E', 'DUSP2', 'CD3G', 'ARHGDIB', 'CORO1A', 'ACTB', 'TRAC', 'CST7', 'RGS2', 'TIGIT', 'HAVCR2', 'GNLY', 'DUSP4', 'SAMSN1', 'CLEC2B', 'CXCR4', 'COTL1', 'LSP1', 'ACAP1', 'CLEC2D', 'CD69', 'LCK', 'LY6E', 'APOBEC3G', 'PTPRC', 'H3F3B', 'IL2RG', 'KLRD1', 'UBB', 'CTSW', 'SLA', 'RAC2', 'DUSP1', 'PFN1', 'TSC22D3', 'MYL12A', 'MALAT1', 'PDCD1', 'CYTOR', 'RARRES3', 'CD53', 'CD27', 'PIK3IP1', 'LAPTM5', 'CD96', 'ARPC2', 'CYTIP', 'HLA-DRB1', 'CD8B', 'GPR171', 'CD99', 'SIRPG', 'PSMB9', 'CKLF', 'CCL3', 'IFITM2', 'HSPE1', 'DNAJA1', 'HSPB1', 'HLA-DPA1', 'GAPDH', 'CD74', 'HLA-DRA', 'HSPH1', 'HLA-DPB1', 'CTSD', 'HSP90AB1', 'MT2A', 'CACYBP', 'FABP5', 'CD63', 'RHOB', 'ANXA1', 'HLA-DQB1', 'PTMS', 'AC002331.1', 'HLA-DQA1', 'SOD1', 'CXCR6', 'DYNLL1', 'FKBP1A', 'PPP1R15A', 'RPS4Y1', 'CARD16', 'TMSB10', 'EIF4A2', 'HSPD1', 'APOBEC3C', 'S100A11', 'CLIC1', 'PHLDA1', 'PGK1', 'RHOA', 'TNFRSF18', 'DDIT4', 'HSPA6', 'DOK2', 'PPP1R2', 'ENTPD1', 'ITGB1', 'ACP5', 'BST2', 'UCP2', 'KLRC2', 'TMEM173']"
cTNI16 (CD8+ CXCL13+ prolif),"['STMN1', 'GZMB', 'CCL5', 'HMGB2', 'GZMA', 'NKG7', 'CD3D', 'HMGN2', 'CD2', 'HMGB1', 'H2AFZ', 'CORO1A', 'TRBC2', 'ACTB', 'TUBA1B', 'CCL4', 'CD8A', 'TUBB', 'AC092580.4', 'CD7', 'PSMB9', 'COTL1', 'CD3E', 'CXCL13', 'HLA-B', 'PFN1', 'PTMA', 'B2M', 'RAC2', 'SH3BGRL3', 'CD3G', 'PCLAF', 'VIM', 'RGS1', 'HLA-A', 'HCST', 'CD52', 'CKLF', 'ITM2A', 'ID2', 'H2AFV', 'TYMS', 'ARHGDIB', 'CYTOR', 'CFL1', 'HLA-C', 'DUT', 'IFI16', 'EVL', 'ARPC2', 'TMSB4X', 'CLEC2D', 'S100A4', 'TRAC', 'RBPJ', 'LSP1', 'CLEC2B', 'ALOX5AP', 'MT2A', 'DEK', 'GZMH', 'LCK', 'IFNG', 'RAN', 'PRF1', 'APOBEC3G', 'IL32', 'SMC4', 'CALM3', 'SNRPB', 'KLRD1', 'CD96', 'LAG3', 'CD8B', 'RANBP1', 'HNRNPA2B1', 'GAPDH', 'PCNA', 'CXCR4', 'LCP1', 'SEPT7', 'HMGN1', 'NUSAP1', 'PTPRC', 'DUSP4', 'PARK7', 'SUMO2', 'SRGN', 'SRSF3', 'HLA-DRB1', 'ANP32B', 'GMFG', 'SRSF2', 'TIGIT', 'BUB3', 'RAB27A', 'PGAM1', 'CTSW', 'RPA3', 'IL2RG', 'HLA-DRA', 'FABP5', 'CKS1B', 'HLA-DPA1', 'CD74', 'MKI67', 'TOP2A', 'HIST1H4C', 'HLA-DPB1', 'UBE2C', 'ANXA5', 'TPI1', 'NUCKS1', 'COX8A', 'NUDT1', 'CKS2', 'PTTG1', 'C12orf75', 'SMC2', 'MAD2L1', 'TMPO', 'CARHSP1', 'SIVA1', 'ZWINT', 'UBE2S', 'LDHA', 'PPIA', 'CDK1', 'SNRPD1', 'TUBB4B', 'SLC25A5', 'H2AFX', 'SNRPG', 'HSP90AA1', 'UBE2T', 'IDH2', 'BIRC5', 'CALM2', 'CCDC167', 'MZT2B', 'MCM7', 'TMEM106C', 'ANAPC11', 'NASP', 'H2AFY', 'HN1', 'CENPF', 'RHOA', 'CHCHD2', 'RRM2', 'HLA-DQA1', 'BLOC1S1', 'PKM', 'DNAJC9', 'HNRNPA3', 'SKA2', 'LSM5', 'YBX1', 'ANP32E', 'TK1', 'CDKN3', 'CENPM', 'CENPW', 'DDX39A', 'ASPM', 'LSM3', 'AURKB', 'DTYMK', 'KPNA2', 'LSM4', 'ASF1B', 'KIF22', 'SLBP', 'HNRNPAB', 'GNG5', 'COX5A']"
cTNI17 (gd-like T),"['CCL5', 'CD7', 'TMSB4X', 'IL32', 'HOPX', 'CD3D', 'HCST', 'KLRD1', 'CD52', 'GZMA', 'KLRC2', 'RPLP2', 'CD3E', 'NKG7', 'RPS19', 'TRDC', 'EVL', 'ID2', 'AC092580.4', 'BTG1', 'RPLP1', 'CD69', 'TRGC2', 'TRBC2', 'RPS27', 'RGS1', 'B2M', 'RPS27A', 'CD3G', 'CD160', 'RPS15A', 'SRGN', 'EEF1A1', 'CORO1A', 'RPL21', 'GPR171', 'RPL13', 'RPS3', 'RARRES3', 'RPS3A', 'ARHGDIB', 'CD96', 'ITGA1', 'RPL10', 'ACTB', 'RPL13A', 'ZFP36L2', 'RPL32', 'RPL3', 'EEF1D', 'LSP1', 'CXCR4', 'RPS6', 'TMIGD2', 'PTMA', 'RPS4X', 'RPS25', 'MALAT1', 'ACAP1', 'RPS12', 'LCK', 'CYTIP', 'RPL4', 'CST7', 'RAC2', 'SH3BGRL3', 'RPS29', 'RPS20', 'PFN1', 'RPL34', 'RPL28', 'RPL19', 'RPL15', 'RPL27', 'GZMB', 'RPL27A', 'RPL23A', 'UBA52', 'KLRB1', 'ARPC2', 'KIR2DL4', 'RPL30', 'RPL9', 'CKLF', 'PTPRC', 'CD247', 'CCL4', 'PFDN5', 'PABPC1', 'FAU', 'HLA-B', 'RPL11', 'FYN', 'CTSW', 'RPSA', 'TRGC1', 'TRAC', 'CD2', 'RPS16', 'ALOX5AP', 'FTL', 'MT-CO1', 'MT-ND2', 'CD63', 'MT-ND4', 'MT-CYB', 'MT-CO3', 'RPS18', 'MT-CO2', 'RPL8', 'SPRY1', 'MT-ND5', 'GSTP1', 'RPS5', 'MT-ND1', 'XCL2', 'YBX1', 'PTGER2', 'MATK', 'RPL12', 'RPL7', 'RPS11', 'PPDPF', 'FAM3C', 'RHOC', 'ZFP36', 'EEF1B2', 'C9orf142', 'RPL35', 'RPL18A', 'CHCHD10', 'MT-ATP6', 'FCER1G', 'SCML4', 'TYROBP', 'ABI3', 'TPT1', 'RPL31', 'RPS17', 'RP11-640M9.1', 'GLTSCR2', 'XCL1', 'LAT2', 'TXK', 'MSH3', 'RPS8', 'RPS14', 'RPL5', 'RPS13', 'RPS23', 'RPS2', 'RPL39', 'RPL10A', 'RPL6', 'RPLP0', 'IL7R', 'RPL14', 'RPS9', 'RPL41', 'EEF2', 'RPL35A', 'RPL29', 'RPL26', 'RPS15', 'RPS7', 'RPL22', 'SARAF', 'RPL7A', 'RPS10', 'RPL18', 'RPS28', 'RACK1', 'CLDND1']"
cTNI18 (gd-like T PDCD1+),"['CCL5', 'GNLY', 'GZMA', 'GZMB', 'CD7', 'CD3D', 'NKG7', 'CD52', 'HCST', 'TMSB4X', 'B2M', 'HOPX', 'SH3BGRL3', 'IL32', 'RGS1', 'AC092580.4', 'CCL4', 'KLRD1', 'ID2', 'TRBC2', 'HLA-B', 'PRF1', 'CKLF', 'CD2', 'CD3E', 'KLRC2', 'EVL', 'ALOX5AP', 'BTG1', 'S100A4', 'CD69', 'SRGN', 'HLA-A', 'CORO1A', 'CD3G', 'ACTB', 'RARRES3', 'TRGC2', 'RAC2', 'CST7', 'PFN1', 'HLA-C', 'ARHGDIB', 'LSP1', 'CTSW', 'LCK', 'CLEC2B', 'GPR171', 'RPS27', 'ACAP1', 'ZFP36L2', 'PTPRC', 'CXCR4', 'MALAT1', 'CYTIP', 'ARPC2', 'SRP14', 'CD96', 'TRDC', 'CFL1', 'TSC22D3', 'LAG3', 'ATP5E', 'TRAC', 'PTMA', 'PTPN22', 'TIGIT', 'CD8A', 'TMA7', 'RUNX3', 'ZNF683', 'COTL1', 'HAVCR2', 'RPS19', 'CLEC2D', 'PSMB9', 'ENTPD1', 'MYL6', 'CD99', 'CYTOR', 'IFNG', 'SEPT7', 'MYL12A', 'ARF6', 'RPLP1', 'GZMH', 'KLRC1', 'APOBEC3G', 'IL2RB', 'STK17A', 'RPS29', 'VIM', 'SAMSN1', 'HLA-E', 'IL2RG', 'FYB1', 'STK17B', 'PSME1', 'ANKRD28', 'CCL3', 'CD63', 'GAPDH', 'SERF2', 'CTSD', 'HLA-DRA', 'PTMS', 'RP11-291B21.2', 'KIR2DL4', 'HLA-DRB1', 'TPI1', 'AC002331.1', 'CD74', 'LDHA', 'HLA-DPB1', 'BLOC1S1', 'CYBA', 'CLIC1', 'ACP5', 'IDH2', 'TRGC1', 'ATP5I', 'CTSA', 'ITGA1', 'GSTP1', 'HLA-DPA1', 'PGK1', 'RABAC1', 'FKBP1A', 'SRGAP3', 'LITAF', 'IVNS1ABP', 'TRG-AS1', 'HLA-DRB5', 'ARPC3', 'ITGAE', 'UBL5', 'TMSB10', 'RBPJ', 'S100A6', 'MT2A', 'JUN', 'NEAT1', 'S100A11', 'TSPO', 'CTLA4', 'PSME2', 'TNFAIP3', 'LGALS3', 'ANXA1', 'EMP3', 'SLA', 'SUB1', 'H3F3B', 'C12orf75', 'VMP1', 'DUSP4', 'RHOA', 'RAB27A', 'PDCD1', 'IQGAP1', 'HLA-DQA1', 'PHLDA1', 'POMP', 'PSMB8', 'ANXA2', 'CSF1']"
cTNI19 (gd-like T prolif),"['GZMA', 'CCL5', 'GZMB', 'CD7', 'PTMA', 'NKG7', 'CD3D', 'GNLY', 'PFN1', 'TMSB4X', 'HOPX', 'HCST', 'SH3BGRL3', 'ACTB', 'CD52', 'AC092580.4', 'STMN1', 'CORO1A', 'CKLF', 'KLRD1', 'GAPDH', 'TRBC2', 'HMGN2', 'IL32', 'CD2', 'RAC2', 'KLRC2', 'RGS1', 'CD3E', 'CFL1', 'LSP1', 'TPI1', 'ARPC2', 'COTL1', 'TRGC2', 'CCL4', 'ARHGDIB', 'RANBP1', 'CD3G', 'PRF1', 'ID2', 'ALOX5AP', 'B2M', 'RPLP1', 'EVL', 'SRP14', 'DUT', 'HMGN1', 'S100A4', 'PSMB9', 'HMGB1', 'HMGB2', 'SNRPB', 'SRGN', 'CTSW', 'SUMO2', 'TYMS', 'LCK', 'DEK', 'ATP5E', 'LDHA', 'CD69', 'CST7', 'PCLAF', 'TUBB', 'TMA7', 'H2AFZ', 'TRDC', 'IDH2', 'C9orf142', 'RARRES3', 'HLA-B', 'PCNA', 'CD96', 'CYTOR', 'CHCHD2', 'MYL6', 'SUB1', 'LAG3', 'DRAP1', 'VIM', 'CD99', 'TUBA1B', 'CLEC2B', 'LCP1', 'RAN', 'ARF6', 'PPP1CA', 'SERF2', 'PARK7', 'MZT2B', 'TIGIT', 'LY6E', 'ENO1', 'IFI16', 'PGAM1', 'SEPT7', 'FKBP1A', 'SIVA1', 'CYTIP', 'SNRPD1', 'H3F3A', 'PPIA', 'SNRPG', 'PPDPF', 'CD63', 'UQCRQ', 'SLC25A5', 'COX8A', 'MCM7', 'GSTP1', 'CARHSP1', 'C12orf75', 'YBX1', 'STRA13', 'COX5A', 'BLOC1S1', 'ANAPC11', 'MIF', 'GINS2', 'MCM5', 'SNRPE', 'ATP5G3', 'NASP', 'LSM5', 'PGK1', 'DBI', 'HLA-DRA', 'POLR2L', 'ATP5J2', 'SLBP', 'RPA3', 'PKM', 'H2AFV', 'COX7B', 'POMP', 'RBX1', 'ERH', 'LSM3', 'PSMA7', 'UQCRH', 'NDUFS6', 'NUCKS1', 'NHP2', 'CCDC167', 'MT2A', 'TMSB10', 'ANP32B', 'FABP5', 'HSPE1', 'NUDT1', 'SNRPF', 'TMEM258', 'YWHAQ', 'PSMA2', 'TMEM106C', 'LDHB', 'HNRNPF', 'HNRNPA2B1', 'PSME2', 'MZT2A', 'SRSF3', 'PSMB3', 'SOD1', 'HPRT1', 'NME1', 'NDUFA6', 'H2AFY', 'SMC2', 'HNRNPAB', 'CALM3']"
cTNI20 (PLZF+ T),"['CD7', 'CCL5', 'TRDC', 'GZMA', 'CD247', 'HOPX', 'TMSB4X', 'FCER1G', 'HCST', 'KLRB1', 'LSP1', 'IL32', 'TMIGD2', 'TYROBP', 'NKG7', 'TNFRSF18', 'CKLF', 'EVL', 'ID2', 'CD52', 'ACTB', 'CD69', 'CORO1A', 'AC092580.4', 'RAC2', 'SRGN', 'KLRC2', 'CD3E', 'GZMB', 'ARHGDIB', 'IL2RB', 'PFN1', 'GNLY', 'KLRD1', 'ALOX5AP', 'PRF1', 'RGS1', 'KIR2DL4', 'CTSW', 'ARPC2', 'RARRES3', 'B2M', 'RPLP1', 'PTMA', 'RPS19', 'ACAP1', 'CYTIP', 'LCK', 'KLRC1', 'GPR171', 'CD96', 'TRBC2', 'TXK', 'ENTPD1', 'CFL1', 'LCP1', 'BTG1', 'STK17A', 'FYN', 'ARF6', 'RPS27', 'HLA-B', 'CLEC2B', 'TRG-AS1', 'SH3BGRL3', 'PTPRC', 'CST7', 'CD160', 'HLA-A', 'RUNX3', 'ZFP36L2', 'ITM2A', 'PPP1R18', 'CD99', 'MYL12A', 'GYPC', 'CCND2', 'IFITM2', 'MATK', 'SYTL3', 'RPS15A', 'ACTG1', 'TRAC', 'KRT81', 'TBC1D10C', 'LAT2', 'GIMAP7', 'ZFP36', 'ABI3', 'SEPT7', 'OSTF1', 'PABPC1', 'STARD3NL', 'KRT86', 'ACTR3', 'ITGA1', 'PIP4K2A', 'RPSA', 'TRAPPC1', 'ARPC1B', 'GSTP1', 'CD63', 'CTSD', 'CAPG', 'TPI1', 'PCID2', 'MPG', 'SLC16A3', 'PHYKPL', 'H3F3A', 'S100A13', 'CXXC5', 'SH2D1B', 'GAPDH', 'LGALS1', 'RHOC', 'POLR2L', 'YBX1', 'SLC25A39', 'PRELID1', 'MIF', 'CLIC3', 'PRDX5', 'SPRY1', 'ZBTB16', 'CEBPD', 'SEC11A', 'SERF2', 'C11orf31', 'NSMCE1', 'RP11-511P7.2', 'TGFB1', 'FGR', 'ITGAE', 'CCDC69', 'SLC25A5', 'NDFIP2', 'LDLRAD4', 'PTPN6', 'ECH1', 'GPR34', 'NDUFS8', 'ADGRG3', 'RPS27A', 'RPL34', 'RPL13', 'RPL30', 'RPL9', 'EEF1A1', 'RPL19', 'RPL10', 'RPL35A', 'TPT1', 'RPS6', 'RPL18A', 'RPS3A', 'RPS18', 'RPL12', 'RPL26', 'RPL32', 'RPL21', 'RPL11', 'RPS12', 'FTL', 'RPS11', 'RPL39', 'RPS28', 'RPL41', 'RPS24', 'RPS13', 'RPS14', 'RPL13A', 'RPL27', 'RPL3', 'RPL10A', 'RPL36', 'RPLP2', 'RPL6', 'RPL5', 'RPL8', 'RPS23', 'RPL27A', 'RPL37']"
cTNI21 (PLZF+ T prolif),"['STMN1', 'HMGB2', 'TUBB', 'HMGN2', 'TUBA1B', 'H2AFZ', 'HMGB1', 'TRDC', 'CD7', 'GZMA', 'H2AFV', 'SMC4', 'PTMA', 'HIST1H4C', 'TYMS', 'HOPX', 'CCL5', 'NUSAP1', 'CD247', 'UBE2C', 'ACTB', 'MKI67', 'PCLAF', 'CKS1B', 'CORO1A', 'RAC2', 'NKG7', 'TOP2A', 'BIRC5', 'LSP1', 'H2AFX', 'CKLF', 'CALM3', 'PFN1', 'NUCKS1', 'TMSB4X', 'ARPC2', 'DEK', 'CFL1', 'HMGN1', 'ANP32B', 'ARHGDIB', 'KLRD1', 'ID2', 'CENPF', 'CKS2', 'ANP32E', 'EVL', 'HNRNPA2B1', 'VIM', 'UBE2S', 'MAD2L1', 'CDK1', 'GZMB', 'AURKB', 'TMPO', 'RAN', 'HCST', 'GNLY', 'LCP1', 'MZT2B', 'KIR2DL4', 'AC092580.4', 'TRBC2', 'CD3E', 'ZWINT', 'PRF1', 'CLEC2B', 'KLRC2', 'UBB', 'CCNA2', 'SMC2', 'SUMO2', 'IFI16', 'ARF6', 'DUT', 'ACTG1', 'CARHSP1', 'TMIGD2', 'RRM2', 'BUB3', 'CD69', 'ASPM', 'SEPT7', 'PSMB9', 'TUBB4B', 'PTTG1', 'GPR171', 'CDKN3', 'CD96', 'IL2RB', 'PPP1CA', 'SKA2', 'LCK', 'MAD2L2', 'CTSW', 'SRSF3', 'ASF1B', 'GTSE1', 'CYTIP', 'H3F3A', 'CALM2', 'SLC25A5', 'TPX2', 'COX8A', 'KPNA2', 'FCER1G', 'DTYMK', 'KIF22', 'UBE2T', 'TPI1', 'HN1', 'TYROBP', 'CENPW', 'GSTP1', 'CENPA', 'RHEB', 'RAD21', 'SPC25', 'DLGAP5', 'TMEM106C', 'PCNA', 'YBX1', 'DDX39A', 'PPIA', 'GAPDH', 'LDHA', 'CENPM', 'SIVA1', 'TK1', 'SNRPD1', 'ARL6IP1', 'LSM5', 'ANAPC11', 'LMNB1', 'KIF20B', 'H2AFY', 'LSM4', 'CCNB2', 'TUBA1C', 'TACC3', 'MXD3', 'CDCA8', 'KIFC1', 'CCDC34', 'C12orf75', 'YWHAH', 'NDC80', 'NUDT1', 'HMMR', 'CDCA5', 'CDC25B', 'CDCA3', 'HMGB3', 'NUF2', 'RACGAP1', 'MZT1', 'GGH', 'CDKN2D', 'PHF19', 'CENPN', 'SAC3D1', 'CDKN2C']"
cTNI22 (cTNI22),"['GNLY', 'NKG7', 'CCL5', 'GZMH', 'CCL4', 'B2M', 'CST7', 'GZMB', 'CD52', 'PRF1', 'HCST', 'RPS27', 'HLA-B', 'MALAT1', 'GZMA', 'KLRD1', 'CD3D', 'IL32', 'S100A4', 'CXCR4', 'BTG1', 'TMSB4X', 'TSC22D3', 'HLA-C', 'HLA-A', 'TRBC2', 'IFITM2', 'RPS27A', 'FGFBP2', 'RPL23A', 'CD2', 'SRGN', 'HLA-E', 'SH3BGRL3', 'CD3E', 'RPS29', 'PTPRC', 'ID2', 'ANXA1', 'ZFP36L2', 'TXNIP', 'RPS15A', 'ARHGDIB', 'HOPX', 'CTSW', 'RPS3', 'PPP2R5C', 'RPS25', 'CD3G', 'CD69', 'MYL12A', 'EMP3', 'RPL30', 'GZMM', 'CORO1A', 'RPS14', 'RPL34', 'DUSP2', 'RPL21', 'RARRES3', 'KLF2', 'TRGC2', 'EVL', 'FAU', 'RPL10', 'EIF1', 'RPS12', 'RPL14', 'CD48', 'IL7R', 'RPL3', 'RPL27A', 'RPLP2', 'ARL4C', 'CLEC2B', 'AC092580.4', 'RPL26', 'RAC2', 'APOBEC3G', 'CYTIP', 'PFN1', 'GIMAP7', 'GMFG', 'H3F3B', 'TMA7', 'ITGB2', 'RPL27', 'CD7', 'CD8A', 'RPL36AL', 'RPS19', 'CD99', 'LYAR', 'GIMAP4', 'RPL35A', 'MYO1F', 'TOMM7', 'RPL6', 'CLEC2D', 'CD247', 'S100A6', 'TMSB10', 'S100A10', 'LITAF', 'PLAC8', 'LGALS1', 'C12orf75', 'KLRG1', 'CYBA', 'FCGR3A', 'TOB1', 'ITGB1', 'CMC1', 'ZEB2', 'NEAT1', 'FLNA', 'KLRF1', 'IER2', 'AHNAK', 'PTGER2', 'PLEK', 'RPS21', 'SAMD3', 'DSTN', 'RPS24', 'RIPOR2', 'BIN2', 'TPST2', 'XBP1', 'C1orf21', 'RPL38', 'RPL31', 'RAP1B', 'S1PR5', 'CCND3', 'SPON2', 'EFHD2', 'ADRB2', 'RP11-640M9.1', 'MYBL1', 'MATK', 'CD44', 'RPS7', 'RP11-622O11.2', 'RPL39', 'RPL11', 'RPL36', 'RPS16', 'RPS20', 'RPS2', 'RPS18', 'CD8B', 'RPL32', 'TRAC', 'RPL18A', 'RPL13A', 'RPS15', 'RPL13', 'RPL41', 'RPS6', 'RPS4X', 'RPL35', 'RPS8', 'RPL19', 'RPS28', 'RPL36A', 'EEF1A1', 'RPL28', 'RPS10', 'RPL4', 'RPSA', 'SPOCK2', 'CD6', 'VIM', 'LAPTM5', 'UBA52', 'RPL7', 'SIT1', 'C12orf57']"
cTNI23 (NK CD16A+),"['NKG7', 'GNLY', 'KLRD1', 'GZMB', 'CCL4', 'PRF1', 'CST7', 'B2M', 'GZMA', 'SRGN', 'KLRF1', 'CCL5', 'BTG1', 'MALAT1', 'FGFBP2', 'TYROBP', 'KLRB1', 'CD247', 'CD7', 'HLA-C', 'FCGR3A', 'HCST', 'HLA-B', 'HLA-A', 'CCL3', 'CTSW', 'ID2', 'HOPX', 'GZMH', 'HLA-E', 'SPON2', 'TXNIP', 'TMSB4X', 'CD69', 'IFITM2', 'DUSP2', 'CXCR4', 'H3F3B', 'CLIC3', 'TRDC', 'TSC22D3', 'MYL12A', 'FCER1G', 'ARL4C', 'EVL', 'CYBA', 'ITGB2', 'GZMM', 'EIF1', 'PLAC8', 'KLF2', 'RARRES3', 'PFN1', 'ARPC2', 'CORO1A', 'S100A4', 'CLEC2B', 'CMC1', 'PTPRC', 'PYHIN1', 'ARHGDIB', 'CYTIP', 'RAC2', 'TXK', 'ZEB2', 'CD53', 'PPP2R5C', 'GIMAP7', 'MATK', 'ANXA1', 'DDX5', 'ZFP36L2', 'PNRC1', 'GNG2', 'DDIT4', 'RPS27', 'IL2RB', 'BIN2', 'DUSP1', 'GPR65', 'RAP1B', 'SYTL3', 'LIMD2', 'SLA', 'APOBEC3G', 'MYO1F', 'ZFP36', 'IKZF1', 'CD99', 'LCP1', 'EMP3', 'LSP1', 'FYN', 'LITAF', 'CHST12', 'CCND3', 'S1PR5', 'IER2', 'EFHD2', 'NEAT1', 'PLEK', 'IGFBP7', 'XBP1', 'C1orf21', 'CEBPD', 'UBB', 'TMSB10', 'NR4A2', 'SH2D1B', 'APMAP', 'FOS', 'AKR1C3', 'MAPK1', 'CX3CR1', 'ABHD17A', 'ADGRG1', 'CD300A', 'C1orf162', 'TTC38', 'IRF1', 'FGR', 'PTGDR', 'GADD45B', 'C12orf75', 'BTG2', 'TGFB1', 'RP11-622O11.2', 'TLE4', 'SAMD3', 'CDC42SE1', 'TBX21', 'CREM', 'ICAM2', 'MYOM2', 'SERF2', 'PTGDS', 'FLNA', 'SH3BP5', 'PRSS23', 'AES', 'BPGM', 'CALM1', 'PRDM1', 'CHST2', 'NCR3', 'CTSC', 'UPP1', 'TCF25', 'HIPK2', 'IVNS1ABP', 'PTPN4']"
cTNI24 (NK GZMK+),"['NKG7', 'KLRD1', 'GZMA', 'CCL4', 'CCL5', 'CD7', 'TRDC', 'TYROBP', 'HCST', 'CXCR4', 'GNLY', 'GZMB', 'SRGN', 'BTG1', 'PRF1', 'KLRC1', 'CD69', 'HOPX', 'CST7', 'CTSW', 'KLRB1', 'EVL', 'FCER1G', 'ZFP36L2', 'TMSB4X', 'IFITM2', 'IL2RB', 'CD247', 'ID2', 'GZMK', 'CORO1A', 'CCL3', 'CLEC2B', 'B2M', 'DUSP2', 'APOBEC3G', 'HLA-B', 'HLA-A', 'KLRF1', 'TSC22D3', 'MALAT1', 'LSP1', 'ZFP36', 'PTPRC', 'TXK', 'RARRES3', 'RGS1', 'ALOX5AP', 'MATK', 'CLIC3', 'CMC1', 'RPS27', 'DUSP1', 'H3F3B', 'MYL12A', 'ACAP1', 'ARHGDIB', 'LY6E', 'STK17A', 'CYTIP', 'HLA-C', 'CD96', 'RAC2', 'HLA-E', 'TNFRSF18', 'SEPT7', 'ACTB', 'DDIT4', 'LCP1', 'XCL2', 'CEBPD', 'TXNIP', 'PFN1', 'SOCS1', 'DDX5', 'CD44', 'CHST12', 'RUNX3', 'CTD-3252C9.4', 'EIF3G', 'GZMM', 'SYTL3', 'CKLF', 'GZMH', 'EIF1', 'KLRC2', 'FYN', 'RPS15A', 'CD2', 'TMIGD2', 'AC092580.4', 'SAMSN1', 'GIMAP7', 'CD53', 'ETS1', 'WIPF1', 'TGFB1', 'LIMD2', 'TRBC2', 'RPS27A', 'CD63', 'GSTP1', 'MAPK1', 'FOS', 'IER2', 'CTSD', 'LITAF', 'CD81', 'ITM2C', 'FCGR3A', 'EOMES', 'XCL1', 'RP11-511P7.2', 'SH2D1B', 'CLDND1', 'LAT2', 'MT-CO1', 'ADGRE5', 'KRT81', 'ITGB1', 'CD160', 'NR4A2', 'KRT86', 'STARD3NL', 'GLIPR2', 'RP11-640M9.1', 'PIK3R1', 'AREG', 'MT-ND4', 'SAMD3', 'MT-ND3', 'MCTP2', 'FAM49B', 'MT-ATP6', 'ADGRG3', 'UBB', 'MT-CO3', 'VPS37B', 'MT-CO2', 'SLC16A3', 'COTL1', 'ITGA1', 'HLA-DRA', 'ACP5', 'GAPDH', 'MT-CYB', 'PDCD4', 'KIR2DL4', 'RPLP1', 'LDLRAD4', 'CD74', 'MT-RNR1', 'MT-RNR2', 'ITGAE', 'MT-ND1', 'VIM', 'CAPG', 'CYTOR', 'SPRY1', 'IKZF3', 'PHYKPL', 'HLA-DRB1', 'PTMS', 'BST2', 'NDFIP2', 'HMGN1', 'SH2D1A', 'DUSP4', 'MT-ND5', 'CCND2', 'PTPN22', 'CLIC1', 'ENTPD1', 'GLIPR1', 'ATP5E', 'LGALS3', 'ELOB', 'ARHGAP9', 'IFI27L2', 'PRDX6']"
cTNI25 (NK XCL1+),"['GNLY', 'KLRD1', 'NKG7', 'KLRC1', 'ZFP36L2', 'BTG1', 'CD7', 'DUSP2', 'XCL1', 'XCL2', 'CTSW', 'TYROBP', 'IFITM2', 'SRGN', 'RPS27', 'ID2', 'TRDC', 'TSC22D3', 'CMC1', 'CD69', 'HOPX', 'CXCR4', 'RPS27A', 'B2M', 'FOS', 'RPS15A', 'HCST', 'KLRB1', 'RPS24', 'RPL10', 'FCER1G', 'MALAT1', 'RPL34', 'TXNIP', 'KLRF1', 'RPL23A', 'RPS14', 'DUSP1', 'RPS19', 'EEF1A1', 'RPS3', 'HLA-A', 'GZMB', 'IL7R', 'RPLP2', 'CD44', 'IL2RB', 'RPL13', 'RPL41', 'HLA-B', 'CD2', 'TXK', 'RPS25', 'RPS3A', 'FAU', 'RPLP1', 'CD52', 'TMSB4X', 'RPS29', 'HLA-C', 'RPL21', 'PRF1', 'RPL15', 'RPL27A', 'EVL', 'CTD-3252C9.4', 'RPL27', 'RPL26', 'RPS12', 'MATK', 'RPL10A', 'RPL13A', 'CCL5', 'RPL3', 'NFKBIA', 'CST7', 'TNFRSF18', 'RPL30', 'RPL19', 'H3F3B', 'RPL32', 'RPL14', 'ZFP36', 'CLEC2B', 'RPL28', 'RPSA', 'SELL', 'RPL31', 'RPS23', 'RPL9', 'RP11-511P7.2', 'RPS7', 'SOCS1', 'RPL37', 'RPL35A', 'DDIT4', 'RPS4X', 'TNFAIP3', 'FXYD5', 'RPS28', 'IFITM3', 'PLAC8', 'CEBPD', 'RPL37A', 'KLF2', 'AREG', 'RPS18', 'CD55', 'RPS5', 'IER2', 'RPL7', 'RPS2', 'CD63', 'CD300A', 'RPL35', 'EEF1B2', 'GZMK', 'C1orf162', 'RPL7A', 'TPT1', 'GSTP1', 'SH2D1B', 'RPS9', 'RPLP0', 'REL', 'XBP1', 'RPS6', 'RPL29', 'RPS8', 'RPL8', 'RPL12', 'RPL11', 'RPL39', 'RPL18A', 'RPS13', 'RPS15', 'RPL18', 'RPL36A', 'RPL23', 'GPR183', 'RPL36', 'RPL4', 'RACK1', 'RPL5', 'RPL24', 'RPS17', 'RPS10', 'RPL6', 'COTL1', 'RPS16', 'PABPC1', 'RPL38', 'RPS21', 'TMEM123', 'HNRNPA1', 'HINT1', 'GLTSCR2']"
cTNI26 (ILC3),"['KLRB1', 'IL7R', 'LTB', 'LST1', 'CXCR4', 'NFKBIA', 'EEF1A1', 'CD69', 'FXYD5', 'TSC22D3', 'BTG1', 'FOS', 'CD52', 'ID2', 'RPS27A', 'ZFP36L2', 'RPLP1', 'TPT1', 'TYROBP', 'RPS3A', 'RPL13', 'B2M', 'DUSP1', 'RPL34', 'TNFAIP3', 'CIRBP', 'RPL10', 'SRGN', 'RPS15A', 'RPS27', 'SPINK2', 'ZFP36', 'MALAT1', 'TNFRSF18', 'RPL3', 'RPL15', 'RPL32', 'HLA-B', 'ZFP36L1', 'KRT86', 'RPL11', 'RPL9', 'RPS23', 'H3F3B', 'PNRC1', 'TNFSF13B', 'HLA-A', 'BST2', 'KRT81', 'TMIGD2', 'RPL14', 'TNFRSF25', 'RPS12', 'RPL4', 'HNRNPA1', 'JUNB', 'DDX5', 'CTD-3252C9.4', 'RPS13', 'ITM2B', 'RPS4X', 'S100A4', 'RPS14', 'XCL1', 'EEF1D', 'RPL30', 'RPL21', 'CD2', 'RPS24', 'PRMT9', 'RPL35A', 'NAP1L1', 'RPL5', 'IL4I1', 'CD7', 'SEC11A', 'RPL19', 'RPL26', 'RPS6', 'RPL6', 'RPL10A', 'PFDN5', 'DUSP2', 'TNFRSF4', 'SRSF5', 'IER2', 'EIF1', 'PCDH9', 'AREG', 'TRDC', 'TLE1', 'SARAF', 'SLA', 'SPOCK2', 'RORA', 'RPS25', 'BTG2', 'ARHGDIB', 'RPL7', 'CTSW', 'FOSB', 'GSN', 'CAT', 'MPG', 'H2AFY', 'RPL8', 'KIT', 'FCER1G', 'TIMP1', 'NCOA7', 'LTA4H', 'PRR5', 'HMGN3', 'ALDOC', 'PRPF6', 'TMEM123', 'TCF7', 'SPRY1', 'RPS5', 'PEBP1', 'RPS9', 'TNFSF11', 'IGKC', 'HERPUD1', 'CD164', 'VIMP', 'IGHA1', 'EEF1B2', 'EGR1', 'IL23R', 'CTSH', 'AQP3', 'NR4A1', 'SRI']"
cS01 (Endo arterial),"['CAV1', 'SRGN', 'SRP14', 'ICAM2', 'TM4SF1', 'KCTD12', 'HLA-E', 'CLU', 'IFI27', 'CLDN5', 'CLEC14A', 'LTC4S', 'RAMP2', 'B2M', 'GIMAP4', 'C10orf10', 'IFI6', 'BST2', 'HLA-B', 'CAPZA2', 'TXNIP', 'RHOB', 'SEMA3G', 'ID1', 'IFI44L', 'EPAS1', 'PTPRB', 'STOM', 'HLA-C', 'SLC9A3R2', 'TSPAN2', 'RNASE1', 'TMSB4X', 'SERPINE2', 'CD74', 'SOX17', 'TSC22D1', 'HEY1', 'GIMAP7', 'DUSP1', 'FAM107A', 'KLF2', 'GABARAPL2', 'PDCD4', 'TMEM100', 'HLA-A', 'TAGLN2', 'FBLN2', 'PCSK5', 'GAS6', 'IFITM3', 'NPDC1', 'ISG15', 'HSPB1', 'TNFSF10', 'EFNB2', 'GIMAP1', 'VIM', 'PALMD', 'TSPAN7', 'JAM2', 'MGST2', 'CD320', 'SULF1', 'SEPW1', 'CD9', 'ARL15', 'CRIP2', 'PLLP', 'TMSB10', 'PPA1', 'MX1', 'ATP1A1', 'PODXL', 'GJA5', 'EGFL7', 'TIMP3', 'MMRN2', 'GSN', 'LIFR', 'GFOD1', 'EMP2', 'SNHG7', 'IGFBP3', 'MECOM', 'ARL6IP1', 'BCAM', 'CAV2', 'IFITM1', 'MTUS1', 'S100A6', 'CFAP36', 'NRN1', 'APOL3', 'LRRFIP1', 'PLPP1', 'JAG1', 'SYNPO', 'LMO2', 'LTBP4', 'FTH1', 'FBLN5', 'FN1', 'ADIRF', 'ABI3BP', 'ELN', 'EMP3', 'GPX3', 'MGP', 'BTG2', 'CXCL12', 'FHL1', 'GUCY1A3', 'SERPING1', 'STEAP1', 'IFIT1', 'ANXA3', 'GADD45A', 'BMX', 'GLUL', 'MT2A']"
cS02 (Endo capillary),"['PLVAP', 'FABP5', 'CD320', 'GNG11', 'CD36', 'B2M', 'CD74', 'VAMP5', 'SDPR', 'TMEM88', 'SRGN', 'SLC9A3R2', 'HLA-E', 'IFI27', 'FLT1', 'RAMP2', 'ITM2B', 'HLA-DRB1', 'GSN', 'SPARCL1', 'RBP7', 'TGFBR2', 'HLA-B', 'RGCC', 'TM4SF18', 'EGFL7', 'CCDC85B', 'RBP5', 'CLDN5', 'HES1', 'RAMP3', 'HLA-DRA', 'MGLL', 'ENPP2', 'IGFBP4', 'CLEC14A', 'AC011526.1', 'SLC14A1', 'HLA-A', 'CAV1', 'NFIB', 'EHD4', 'EMCN', 'JAM2', 'HLA-C', 'ICAM2', 'FKBP1A', 'CA4', 'RNASE1', 'NOTCH4', 'SEPW1', 'PLAT', 'GIMAP7', 'ADGRL4', 'TXNIP', 'CRIP2', 'CDC37', 'SEC14L1', 'APOLD1', 'KDR', 'PRSS23', 'BCAM', 'ESAM', 'VWF', 'ENG', 'CYYR1', 'TM4SF1', 'NOSTRIN', 'ITGA6', 'HLA-DPA1', 'MYL12A', 'VWA1', 'F2RL3', 'FAM107A', 'HLA-DPB1', 'RPS28', 'PPA1', 'NQO1', 'NPDC1', 'IFI6', 'IFITM3', 'GMFG', 'CD59', 'GIMAP4', 'LDB2', 'EPAS1', 'TMEM204', 'ATOH8', 'CD34', 'SPTBN1', 'NKX2-3', 'ID2', 'ACE', 'MGST2', 'SGK1', 'NEDD9', 'KANK3', 'SPRY1', 'HLA-DMA', 'PLPP1', 'TSC22D1', 'H3F3B', 'BST2', 'UBC', 'IGKC', 'IER2', 'S100A13', 'IGHA1', 'C8orf4', 'SEPP1', 'CFAP20', 'JUNB', 'TACC1', 'VSIR', 'ZFP36', 'PLPP3', 'CTSH', 'IGFBP2', 'GABARAPL2', 'NDUFA12', 'IGFBP6', 'JCHAIN', 'POMP', 'MT-ND2', 'SORBS2', 'EPHX1', 'COX17']"
cS03 (Endo capillary),"['RGS5', 'CD36', 'CD320', 'FABP5', 'TMEM88', 'RBP7', 'TGFBR2', 'SRGN', 'NDUFA4L2', 'HIGD1B', 'CD74', 'MGLL', 'COX4I2', 'APOLD1', 'FAM107A', 'SDPR', 'PLVAP', 'STEAP4', 'TACC1', 'NOTCH3', 'CLDN5', 'FLT1', 'IGFBP2', 'ENPP2', 'SLC9A3R2', 'ADGRF5', 'JAM2', 'SEC14L1', 'HLA-DRA', 'HLA-DRB1', 'SLC14A1', 'VAMP5', 'EPAS1', 'TM4SF18', 'NFIB', 'INHBB', 'SLC2A3', 'GJA4', 'CYYR1', 'HLA-B', 'IFI27', 'HLA-DPB1', 'HLA-E', 'GNG11', 'EMCN', 'NOTCH4', 'SPRY1', 'PDGFRB', 'ARHGDIB', 'HLA-DPA1', 'LIFR', 'KDR', 'EHD4', 'S1PR1', 'TXNIP', 'HES4', 'CAV1', 'ICAM2', 'MEF2C', 'HLA-DMA', 'C8orf4', 'BTG1', 'EPS8', 'ESAM', 'TINAGL1', 'FAM110D', 'SGK1', 'PODXL', 'NOSTRIN', 'GIMAP7', 'NEDD9', 'FOSB', 'ITGA6', 'SOX17', 'HES1', 'STOM', 'MKL2', 'BTNL9', 'ITGA1', 'CPM', 'FRZB', 'EGFL7', 'PIK3R3', 'CDC42EP3', 'PTPRB', 'NR2F2', 'EMP2', 'CCDC85B', 'MIDN', 'ARHGAP29', 'SWAP70', 'NKX2-3', 'SYNPO', 'MYO1B', 'GIMAP4', 'A2M', 'SPARCL1', 'SNRK', 'GIMAP1', 'VSIR', 'COL3A1', 'SOD3', 'COL1A2', 'MYL9', 'CALD1', 'TPM2', 'C11orf96', 'GPX3', 'LHFP', 'MFGE8', 'TPM1', 'COL1A1', 'RARRES2', 'CRISPLD2', 'PPP1R14A', 'ACTA2', 'ZEB2', 'CEBPD', 'C1S', 'LGALS3BP', 'BGN', 'GEM', 'SYNPO2', 'TPPP3', 'PHLDA1', 'SEPT4', 'EGR1', 'FOS', 'EBF1', 'TIMP3', 'S100A4', 'RCAN2', 'CYGB', 'C20orf27', 'JUNB', 'LURAP1L', 'MIR143HG', 'MYLK', 'FAM162B', 'H3F3B', 'JUN', 'ARHGAP15', 'TNS1', 'COL5A3', 'MAP3K20', 'IER2', 'EDNRA', 'NDRG2', 'CHCHD10', 'CD44', 'GSN', 'KCNJ8', 'CSRP2', 'ZFP36L1', 'H2AFJ', 'GADD45B', 'NR4A1', 'FAM13C', 'CTSC', 'COL6A3', 'ASAH1', 'LGI4', 'SERPING1', 'TBX2', 'ADCY3', 'C1R']"
cS04 (Endo),"['RGS5', 'COL4A1', 'SPARC', 'COL4A2', 'MARCKSL1', 'MYO1B', 'ANGPT2', 'RGCC', 'MCAM', 'CALM1', 'PXDN', 'NOTCH3', 'UACA', 'COL15A1', 'INSR', 'CD93', 'ARHGDIB', 'KDR', 'ADGRF5', 'ITGA1', 'CYTOR', 'NDUFA4L2', 'THY1', 'TNS3', 'PDGFB', 'GJC1', 'AC068491.1', 'NREP', 'RFLNB', 'SPRY4', 'LOXL2', 'NID1', 'HSPG2', 'ETS1', 'LBH', 'PGF', 'PDGFA', 'KCNJ8', 'PDGFRB', 'HEYL', 'PLXDC1', 'PCDH17', 'ITGB1', 'EDNRA', 'PRSS23', 'COL18A1', 'NES', 'SH2B3', 'GNAI2', 'CCDC102B', 'CTNNB1', 'IVNS1ABP', 'SOX18', 'CCND1', 'NID2', 'CDH13', 'CSPG4', 'MSN', 'COL1A1', 'ESM1', 'COL5A3', 'OLFML2A', 'CDH6', 'BGN', 'LZTS1', 'ARHGEF17', 'MAP1B', 'APLNR', 'PFN1', 'VASH1', 'HECW2', 'GUCY1A2', 'IGFBP3', 'JAG1', 'TCF4', 'ADAP2', 'FLT1', 'ACTG1', 'COX4I2', 'RAB13', 'SEC14L1', 'TP53I11', 'ARHGAP18', 'GRB10', 'UNC5B', 'MPRIP', 'GPR4', 'VWF', 'TNFAIP8L1', 'HBEGF', 'ID3', 'FMNL3', 'F2R', 'NOTCH1', 'PODXL', 'MARCKS', 'VCL', 'MYH9', 'COL1A2', 'COL3A1', 'COL6A1', 'COL6A3', 'COL6A2', 'ACTA2', 'MYL9', 'COL5A2', 'CALD1', 'TPM2', 'CRISPLD2', 'SOD3', 'SPON2', 'COL5A1', 'TAGLN', 'PHLDA1', 'LGALS1', 'SDC2', 'MYLK', 'C11orf96', 'TPM1', 'FRZB', 'CD248', 'TPPP3', 'COL12A1', 'AXL', 'CYGB', 'PCOLCE', 'TBX2', 'DKK3', 'LGALS3BP', 'MMP11', 'SERPINF1', 'RAB31', 'ZEB2', 'LHFP', 'GUCY1B3', 'PAG1', 'SEPT4', 'PPP1R14A', 'SEPT11', 'OLFML2B', 'RHOBTB3', 'CD44', 'INAFM1', 'ANTXR1', 'TGFBI', 'SEMA5A', 'CHCHD10', 'CPM', 'ITM2C', 'MAP3K20', 'DDR2', 'PRKG1', 'MFGE8', 'PRRX1', 'MAP3K7CL']"
cS05 (Endo venous),"['ACKR1', 'CPE', 'CLDN5', 'NPC2', 'CLU', 'RPS28', 'ADGRG6', 'CD74', 'HLA-DRA', 'HLA-E', 'ITM2B', 'LIFR', 'HLA-DRB1', 'RPS6', 'JAM2', 'KCTD12', 'DUSP23', 'HLA-DPA1', 'SDCBP', 'RPS18', 'RPL32', 'HLA-DPB1', 'GIMAP4', 'ADIRF', 'RPL34', 'ARL4A', 'TGFBR2', 'FAM213A', 'IFI27', 'TSPAN7', 'RPS14', 'LY6E', 'PTPRB', 'TXNIP', 'RAMP3', 'TNFSF10', 'VWF', 'RPS19', 'GIMAP7', 'CTNNAL1', 'RPL11', 'TMSB4X', 'NPDC1', 'RPL26', 'SRGN', 'SOCS3', 'PDCD4', 'SDPR', 'RPL8', 'RPL13', 'RPL36', 'CLEC14A', 'IL1R1', 'RPLP2', 'ZNF385D', 'CCL14', 'RPL41', 'RPS3', 'EGFL7', 'RPL35A', 'MADCAM1', 'RPS27A', 'RNASE1', 'NFKBIA', 'MTUS1', 'SNHG7', 'LEPR', 'HLA-DMA', 'RPS25', 'NCOA7', 'RPL35', 'RPS23', 'EIF1', 'TMEM100', 'LIMCH1', 'ENPP2', 'RPL12', 'RPS4X', 'GIMAP1', 'DUSP1', 'CD320', 'RPS15', 'KLF2', 'RPS9', 'ZFP36', 'RPS12', 'RPS15A', 'AC011526.1', 'CDC42EP3', 'SPARCL1', 'STXBP6', 'MKL2', 'FOXP1', 'RPL31', 'RPS2', 'HLA-B', 'RPL37', 'HHEX', 'CYP1B1', 'SEMA6A', 'CEBPD', 'FTL', 'CIRBP', 'SRPX', 'FTH1', 'NNMT', 'JUN', 'RPL21', 'PERP', 'NR2F2', 'RPL3', 'RPS27', 'RPL13A', 'EGR1', 'CNN3', 'RPL7', 'RPS8', 'RPS3A', 'C7', 'RPL9', 'JUNB', 'RPL10', 'GLTSCR2', 'RPL30', 'RPL19', 'BCAT1', 'HMGN3', 'EEF1A1', 'PDK4', 'CTGF', 'EEF1D']"
cS06 (Endo lymphatic),"['TFF3', 'CCL21', 'TFPI', 'MMRN1', 'SDPR', 'ATP5E', 'LYVE1', 'CLDN5', 'AKAP12', 'ECSCR', 'GNG11', 'PPFIBP1', 'GYPC', 'PROX1', 'S100A10', 'ARL4A', 'CD9', 'ARL6IP1', 'RAB11A', 'EFEMP1', 'FXYD6', 'HLA-E', 'RELN', 'RPS28', 'ANXA2', 'HSPB1', 'MGST2', 'RPS12', 'RPL34', 'ADIRF', 'POLR2L', 'KBTBD11', 'TIMP3', 'RPL36', 'RPL35A', 'PPP1R2', 'RPS15A', 'ADD3', 'RPL32', 'TBX1', 'RPL13A', 'LAPTM5', 'PARD6G', 'GMFG', 'SCN3B', 'KANK3', 'STMN1', 'RPS27A', 'RPLP2', 'RPL8', 'RPS18', 'RPL26', 'RPS3', 'PTPRE', 'AC011526.1', 'RPL41', 'CLU', 'CD59', 'RPS23', 'TSHZ2', 'SNCG', 'RPL9', 'RPL37A', 'RPS14', 'RPL11', 'RPS15', 'RPL14', 'EFNA5', 'NRP2', 'TSPAN5', 'RPL10', 'PLSCR4', 'NR2F1', 'RPS25', 'LY96', 'RPL30', 'FABP4', 'RPL13', 'PGM5', 'RPL27A', 'FAM213A', 'TM4SF1', 'RPL31', 'C16orf62', 'RPL18A', 'GNAS', 'RPS29', 'FLT4', 'LIMS1', 'EGFL7', 'RPL19', 'FGL2', 'RPL15', 'RPL38', 'CTSH', 'F8', 'NUPR1', 'HYAL2', 'STON2', 'RPS6', 'FTH1', 'DKK3', 'FTL', 'EDNRB', 'MAF', 'RBP1', 'CEBPD', 'COLEC12', 'FCGRT', 'SEPP1', 'CTSD', 'PDPN', 'RPL21', 'OAZ1', 'SMYD2', 'TOMM7', 'CYB5R3', 'TC2N', 'DOCK5', 'RPL23A', 'LGALS3', 'FAU', 'RPS3A', 'SEMA3A', 'RPS8', 'CNN3', 'UGP2']"
cS07 (Endo capillary-like),"['FABP4', 'RBP7', 'BTNL9', 'AQP1', 'EGFL7', 'CD36', 'CLDN5', 'SPRY1', 'CD300LG', 'GNG11', 'GPIHBP1', 'ADGRL4', 'EMCN', 'MTUS1', 'PALMD', 'RDX', 'A2M', 'ESAM', 'APOLD1', 'GNAI2', 'CD34', 'TSPAN13', 'HYAL2', 'NOTCH4', 'ADGRF5', 'RNASE1', 'GFOD1', 'CAV1', 'MGST2', 'TMEM88', 'SRGN', 'CD74', 'CDH5', 'EMP1', 'MAST4', 'RAMP2', 'EPAS1', 'ADCY4', 'TIMP3', 'RASIP1', 'COL15A1', 'CDC42EP3', 'H3F3A', 'F8', 'TCF4', 'KANK3', 'THSD7A', 'RGCC', 'HLA-DRA', 'LAP3', 'ADAM15', 'VAMP5', 'SDPR', 'MGLL', 'CD93', 'NPDC1', 'F2RL3', 'ICAM2', 'EFNB1', 'UTRN', 'SPARCL1', 'PPARG', 'IFI27', 'MCF2L', 'TIE1', 'SGK1', 'S100A16', 'EFCAB14', 'BCL6B', 'TNFRSF4', 'CLEC14A', 'NEDD9', 'RAPGEF3', 'INHBB', 'C1orf54', 'TXNIP', 'C4orf32', 'TSPAN18', 'S1PR1', 'ITGA6', 'SYNE2', 'IGFBP4', 'FABP5', 'PODXL', 'IL32', 'SHANK3', 'YWHAH', 'NES', 'PIK3R3', 'CTSH', 'AIF1L', 'MAP1LC3B', 'BTG1', 'BCAM', 'ADAMTS9', 'HLA-E', 'VSIR', 'HLA-DRB5', 'BST2', 'FCGRT', 'CXCL12', 'GSN', 'PDK4', 'JUND', 'TUBB4B', 'ZFP36L1', 'EDNRB', 'MYC', 'ATP2B4', 'CLIC5', 'APOD', 'KCNB1', 'ATP5J', 'MYO5C', 'FAM13C', 'PLIN2', 'RTN4', 'ANKRD29', 'AQP7', 'TSC22D1', 'TUBA1A', 'AOC3', 'PRMT1', 'ACACB', 'SMTN', 'WFS1', 'TUBA1B', 'IGF2', 'LY6H']"
cS08 (Endo arterial-like),"['SRP14', 'SLC9A3R2', 'PODXL', 'GJA4', 'TM4SF1', 'EFNB2', 'INSR', 'STOM', 'RAMP2', 'SAT1', 'SRGN', 'ARL15', 'GJA5', 'PLPP1', 'CD93', 'IGFBP3', 'SEMA3G', 'AQP1', 'JAG2', 'ADGRF5', 'HSPG2', 'PTPRB', 'EPAS1', 'IFI27', 'ADAM15', 'HEG1', 'STMN1', 'NOTCH4', 'HEY1', 'PPA1', 'ID1', 'MECOM', 'ADGRL4', 'CDH5', 'ESAM', 'OCIAD2', 'THSD7A', 'CD34', 'CLEC14A', 'VEGFC', 'ATP1A1', 'NPDC1', 'RNASE1', 'MAST4', 'CRIP2', 'TMSB10', 'ICAM2', 'S1PR1', 'SOX18', 'HYAL2', 'SWAP70', 'FLT1', 'PIK3R3', 'ATP1B3', 'A2M', 'NUDT4', 'EMP1', 'SYNPO', 'ENG', 'C10orf10', 'MMRN2', 'ECSCR', 'ADAMTS6', 'MRPL33', 'PRKCDBP', 'IFITM2', 'MRPL17', 'MYL12B', 'DLL4', 'GNG11', 'JAM2', 'CYYR1', 'SEC14L1', 'MCTP1', 'IL3RA', 'POMP', 'CD46', 'SOX17', 'GNAI2', 'PALMD', 'CD9', 'ABL2', 'BMPR2', 'RHOB', 'JAG1', 'CXCL12', 'CALM1', 'ADAMTS1', 'SYNJ2', 'EGFL7', 'TCF4', 'RGS3', 'EFNA1', 'DDIT4', 'KIAA1147', 'MGST2', 'PREX2', 'PTPRM', 'KDR', 'ARHGAP4', 'MMP2', 'FBLN5', 'HES4', 'MAP1B', 'MGP', 'FN1', 'AZIN1', 'CCDC3', 'SLC6A6', 'SLC45A4', 'GNAS', 'ATP5J', 'ATP13A3', 'FBN1', 'MAP4', 'PCSK5', 'PTP4A3', 'SIPA1L2', 'S100A6', 'PCMTD1', 'ITGB1', 'TBC1D1', 'FBLIM1', 'UACA', 'PIK3C2B', 'AES', 'UNC5B', 'AC068491.1', 'UBE2J1', 'GFOD1', 'FAM89A']"
cS09 (Endo),"['HSPG2', 'VWA1', 'RGCC', 'COL4A1', 'PLVAP', 'ENG', 'INSR', 'PODXL', 'COL15A1', 'SPARC', 'FLT1', 'COL4A2', 'HECW2', 'CD34', 'VWF', 'NOTCH4', 'KDR', 'PCDH17', 'SPRY1', 'CD93', 'RAMP3', 'ADGRL4', 'ESAM', 'IVNS1ABP', 'HTRA1', 'ROBO4', 'CALCRL', 'PLXND1', 'MSN', 'CDH5', 'SLC9A3R2', 'RAMP2', 'DYSF', 'GRB10', 'CA2', 'CALM1', 'RNASE1', 'EGFL7', 'FAM167B', 'TCF4', 'TM4SF18', 'ARHGAP29', 'CDH13', 'CCDC85B', 'MARCKSL1', 'SEC14L1', 'JUP', 'SOX18', 'FKBP1A', 'SEMA3F', 'RASGRP3', 'ADGRF5', 'UPP1', 'C1orf54', 'TMEM204', 'EMCN', 'FSCN1', 'AQP1', 'PDGFB', 'TMEM255B', 'ETS1', 'APLNR', 'GNG11', 'RFLNB', 'CLEC14A', 'ITGA6', 'HYAL2', 'PLXNA2', 'DOCK6', 'MYL12B', 'NRP2', 'ARHGDIB', 'RDX', 'IGFBP3', 'ECSCR', 'GNAI2', 'NPDC1', 'PNP', 'CXorf36', 'EMP1', 'MCAM', 'SGK1', 'EHD4', 'CTNNB1', 'PCDH12', 'CRIP2', 'MPZL2', 'F2RL3', 'JAG2', 'PIK3R3', 'GMFG', 'AC068491.1', 'IGFBP7', 'ITGA5', 'DOCK9', 'A2M', 'DUSP6', 'GIMAP4', 'SYNPO', 'TMEM2', 'LAMA4', 'SERPINH1', 'NID1', 'PLPP3', 'SPRY4', 'CD81', 'CYTOR', 'LBH', 'ITGB1', 'ESM1', 'MMP2', 'PTPRG', 'GNAS', 'PMEPA1', 'MAP1B', 'APLP2', 'TP53I11', 'LOXL2', 'EDIL3', 'COL18A1', 'YWHAH', 'LAMB1', 'MMP14', 'FCN3', 'ADAMTSL2', 'ADAMTS5', 'OAF', 'FSTL1', 'BDKRB2', 'MRPL17', 'EDNRB', 'TMEM184B', 'GPR4', 'GABRD', 'CLIC1', 'MLEC', 'COL13A1', 'PREX1', 'VASH1', 'TGFB1', 'ANGPTL2', 'MGST3']"
cS10 (Endo tip cells),"['PXDN', 'CALM1', 'PGF', 'COL4A1', 'RGS3', 'HSPG2', 'COL4A2', 'RGCC', 'PDGFB', 'CD93', 'IL32', 'TNFRSF4', 'ESM1', 'ACTG1', 'ACTB', 'MCAM', 'FSCN1', 'VWA1', 'APLN', 'FKBP1A', 'TP53I11', 'LAMA4', 'VWF', 'ANGPT2', 'SERPINE1', 'CCDC85B', 'GNAI2', 'ROBO4', 'TNFAIP8L1', 'CHST1', 'PIM3', 'PCDH12', 'SPARC', 'CSTB', 'ADGRL4', 'BACE2', 'MSN', 'TM4SF1', 'COL15A1', 'MYO1B', 'TM4SF18', 'SOX18', 'TSPAN15', 'PNP', 'CLIC4', 'ITGA5', 'GMFG', 'INSR', 'TMSB10', 'ADGRF5', 'CTHRC1', 'C1orf54', 'NID2', 'MARCKSL1', 'COL18A1', 'CDH13', 'THBS1', 'IVNS1ABP', 'AFAP1L1', 'GLT25D1', 'BCL6B', 'COTL1', 'APLP2', 'RFLNB', 'ESAM', 'CDH5', 'PFN1', 'PLVAP', 'PLXND1', 'ETS1', 'ARHGAP18', 'EIF4EBP1', 'TMSB4X', 'GNG2', 'LGALS1', 'LBH', 'NES', 'DYSF', 'CFL1', 'EHD4', 'CXorf36', 'TCF4', 'MYO10', 'DOCK4', 'MYL12A', 'ANGPTL2', 'POMP', 'SLC4A7', 'ATP1B3', 'SEC14L1', 'FAM43A', 'AC011526.1', 'GNG11', 'NOTCH4', 'YWHAH', 'ADAMTS7', 'GJA1', 'GRPEL2', 'RASSF2', 'JUP', 'COL12A1', 'LAMC1', 'PDGFA', 'CYR61', 'MYL6', 'SEC61G', 'MYL9', 'TPM4', 'ITGB1', 'ACKR3', 'MMP14', 'SERPINH1', 'FLNA', 'TAGLN', 'RNF19A', 'COL27A1', 'WDR1', 'SLC38A1', 'PLS3', 'RALA', 'CCND1', 'PLOD1', 'CD276', 'PLEKHO1', 'HOMER3', 'CXCR4', 'KCNJ2', 'LXN', 'JAK1', 'LOXL2', 'ODC1', 'COL6A2', 'ADM', 'GYPC', 'CD99']"
cS11 (Endo proif),"['PCLAF', 'TUBA1B', 'H2AFZ', 'STMN1', 'HMGB1', 'TUBB', 'TK1', 'HMGB2', 'TYMS', 'BIRC5', 'UBE2C', 'HMGN2', 'CENPW', 'NUSAP1', 'MKI67', 'RRM2', 'PPIA', 'CKS1B', 'ZWINT', 'TOP2A', 'DUT', 'CENPF', 'RAN', 'MAD2L1', 'PTTG1', 'CDK1', 'CDKN3', 'UBE2T', 'SMC4', 'RANBP1', 'GGH', 'PBK', 'ENO1', 'UBE2S', 'GAPDH', 'H2AFV', 'TUBB4B', 'DTYMK', 'CKS2', 'GTSE1', 'TPM3', 'FOXM1', 'PTMA', 'NUCKS1', 'ANLN', 'TPX2', 'COTL1', 'CENPK', 'HN1', 'SNRPG', 'CALM1', 'TMPO', 'TUBB6', 'HMGN1', 'DHFR', 'YWHAH', 'HMGB3', 'TUBA1C', 'CCNA2', 'SNRPB', 'MYBL2', 'AURKB', 'H2AFX', 'ACTB', 'CEP55', 'MZT2B', 'EIF4EBP1', 'MSN', 'TMSB10', 'DEK', 'ASPM', 'FKBP1A', 'LMNB1', 'CENPM', 'NRGN', 'CFL1', 'SLC25A5', 'COL15A1', 'SHCBP1', 'KPNA2', 'CD93', 'RPA3', 'DLGAP5', 'PFN1', 'SNRPD1', 'WDR34', 'SMC2', 'RAD51AP1', 'COL4A1', 'TCF19', 'ACOT7', 'PRC1', 'DNAJC9', 'SPC25', 'PCNA', 'SEMA3F', 'RRM1', 'CKAP2', 'CCNB1', 'LSM4', 'LGALS1', 'CCNB2', 'CCDC34', 'KIF20B', 'CHCHD2', 'CENPH', 'ANP32B', 'CDC20', 'NCAPG', 'CENPN', 'TMEM106C', 'CLSPN', 'LMNB2', 'KIF23']"
cS12 (Endo),"['COL15A1', 'FKBP1A', 'COTL1', 'PRCP', 'COL4A2', 'HSPG2', 'COL4A1', 'TMSB10', 'VWA1', 'APLNR', 'CD93', 'ENG', 'SH3BGRL3', 'VWF', 'FAM167B', 'PCDH17', 'MSN', 'AC011526.1', 'PLVAP', 'MARCKSL1', 'CALCRL', 'S100A6', 'ATP5E', 'ECSCR', 'ADAM15', 'RAMP3', 'CRIP2', 'P2RY6', 'DYSF', 'RAI14', 'RGCC', 'GAPDH', 'PFN1', 'ADGRL4', 'CDH5', 'CFL1', 'PTMA', 'GNAI2', 'S100A16', 'CCDC85B', 'RAB13', 'SELE', 'SERPINE1', 'RAMP2', 'PPIA', 'VAMP5', 'FXYD5', 'S100A11', 'ATOX1', 'S100A10', 'TPM3', 'C4orf48', 'RAB11A', 'C1orf54', 'SEMA3F', 'UPP1', 'TGM2', 'RPS19', 'SERF2', 'ACKR1', 'ACTG1', 'ITGA5', 'RNASE1', 'ATP1B3', 'HYAL2', 'CDH13', 'RASGRP3', 'FSCN1', 'ARHGDIB', 'CXorf36', 'GUK1', 'SOX18', 'RPS21', 'PTRF', 'RNF145', 'RPL18A', 'TMEM255B', 'GNG11', 'RPL39', 'ELK3', 'ROBO4', 'LGALS1', 'OCIAD2', 'ETS1', 'NPDC1', 'ANXA2', 'PPM1F', 'RCAN1', 'TSPO', 'ENTPD1', 'CD34', 'SPARC', 'HECW2', 'CSTB', 'HIF1A', 'SYNPO', 'EHD4', 'GLT25D1', 'ECE1', 'ITGA6', 'COL6A2', 'RPLP1', 'FSTL1', 'PRKCDBP', 'MYL6', 'MARCKS', 'FLNA', 'RPLP0', 'CYR61', 'ACTB', 'SVIL', 'SERPINH1', 'SEC61G', 'S100A3', 'RPL28', 'LAMA4', 'THBS1', 'PKM', 'PXDN', 'RPS2', 'RPL23', 'LAMC1', 'PMP22', 'AP2S1', 'CTHRC1', 'ENO1', 'POLR2L', 'MAP1B', 'RPL37A', 'VIM', 'TPM4', 'UBA52', 'LMNA', 'IGFBP5', 'OST4', 'ZYX', 'RPS24', 'COL6A1', 'OAF', 'SSR3', 'RPL37', 'TIMM13', 'ASPH', 'EIF4EBP1', 'NT5E', 'THY1', 'LINC00340', 'TMA7', 'CD99', 'RPL14']"
cS13 (Endo venous-like),"['ACKR1', 'DUSP23', 'PRCP', 'VWF', 'SELP', 'AQP1', 'RAMP3', 'CD74', 'FKBP1A', 'RNASE1', 'ARL4A', 'SLCO2A1', 'HLA-DRA', 'ZNF385D', 'CXorf36', 'NPDC1', 'ECSCR', 'TSPAN7', 'HLA-DRB1', 'PALMD', 'IL33', 'ENTPD1', 'RPS28', 'FAM167B', 'RAMP2', 'PDLIM1', 'CALCRL', 'TPT1', 'ENG', 'HYAL2', 'ADAM15', 'APLNR', 'RASA4', 'HLA-DPA1', 'HLA-DPB1', 'RPL34', 'MALL', 'RPS24', 'HSPG2', 'RPS18', 'CD93', 'PCDH17', 'RPS23', 'TPM3', 'NCOA7', 'RPS6', 'RPL26', 'TGFBR2', 'FXYD5', 'JAM2', 'CCDC69', 'RPL32', 'MMRN2', 'GIMAP7', 'TGM2', 'MTUS1', 'MARCKSL1', 'CFI', 'RAB11A', 'CLDN5', 'ITGA6', 'CD59', 'RPL37', 'EMCN', 'ADGRL4', 'RAB3C', 'RPL39', 'SNCG', 'PKP4', 'ELK3', 'NPC2', 'NRN1', 'FOXP1', 'CLEC14A', 'STAB1', 'CDH5', 'SDCBP', 'RPS2', 'RALGAPA2', 'ITGB4', 'TMEM2', 'RAI14', 'RPS12', 'PLVAP', 'RPS3', 'EGFL7', 'RPL13', 'GUK1', 'SPARCL1', 'RPS15A', 'RPS13', 'S1PR1', 'RPS19', 'HAPLN3', 'SRGN', 'MMRN1', 'HLA-DQB1', 'CSF2RB', 'NAMPT', 'WWTR1', 'POSTN', 'NNMT', 'EEF1A1', 'RPS3A', 'ACTN1', 'IL1R1', 'NR2F2', 'RPL12', 'RPLP0', 'RPL7A', 'RPL30', 'RPL28', 'CST3', 'TSHZ2', 'EPB41L3', 'NACA', 'RPS8', 'RPS9', 'TIMP1', 'PABPC1', 'RPL10', 'RPS27A', 'RPL29', 'EEF1B2', 'RPL6', 'IER3', 'LRRC1', 'RPL5', 'UGCG', 'RPL3', 'SESN3', 'MATN2', 'RPL11', 'RPS14', 'RPL22', 'RPS5', 'RPLP1', 'RPL10A', 'RPL18', 'RPL9', 'VCAM1', 'RPL41', 'LHX6', 'RPS21', 'MEOX1', 'FAM84B', 'RPL24', 'DAAM1', 'RPS4X', 'TLL1', 'CNKSR3', 'RPL18A', 'CPXM2']"
cS14 (Endo),"['MALAT1', 'NEAT1', 'MT-CYB', 'MT-CO2', 'MT-ND4', 'MT-ND1', 'MT-CO3', 'MT-ATP6', 'MT-CO1', 'MT-ND5', 'MT-ND3', 'MT-ND2', 'MT-RNR2', 'MT-RNR1', 'TCF4', 'WSB1', 'MT-ND4L', 'RSRP1', 'DDX17', 'PNISR', 'HSPG2', 'MCL1', 'MT-ND6', 'ARGLU1', 'FUS', 'N4BP2L2', 'LUC7L3', 'KLF6', 'INSR', 'NKTR', 'NOTCH4', 'ANKRD28', 'SERPINE1', 'ITGA5', 'VEGFA']"
cS15 (Pericyte),"['RGS5', 'CALD1', 'NDUFA4L2', 'COX4I2', 'NOTCH3', 'HIGD1B', 'FRZB', 'CD36', 'PDGFRB', 'MYL9', 'IGFBP7', 'HES4', 'STEAP4', 'NR2F2', 'ADIRF', 'MALAT1', 'TINAGL1', 'CALM2', 'GJA4', 'SOD3', 'MFGE8', 'B2M', 'LHFP', 'BTG1', 'LURAP1L', 'MEF2C', 'HLA-B', 'BGN', 'ARHGDIB', 'CSRP2', 'RGS16', 'CPM', 'COL18A1', 'ACTA2', 'CTSC', 'SEPT7', 'H3F3B', 'PHLDA1', 'TSC22D1', 'TPPP3', 'SEPT4', 'KCNJ8', 'JUNB', 'C20orf27', 'GEM', 'C8orf4', 'ARHGAP15', 'GPX3', 'SYNPO2', 'GJC1', 'C11orf96', 'MT-CO1', 'ID3', 'FAM162B', 'CHCHD10', 'HLA-A', 'FOS', 'ASPN', 'CRISPLD2', 'H2AFJ', 'LGI4', 'MIR143HG', 'PPP1R14A', 'TPM1', 'IGKC', 'ASAH1', 'CCDC102B', 'NDRG2', 'COL3A1', 'HLA-C', 'TPM2', 'EGR1', 'P2RY14', 'LGALS3BP', 'NFASC', 'CEBPD', 'IGFBP2', 'EHD2', 'EBF1', 'MYO1B', 'PIP5K1B', 'ADAMTS1', 'ZEB2', 'TFPI', 'ISYNA1', 'MAP1LC3A', 'EDNRA', 'EPS8', 'ARHGEF17', 'TGFBI', 'CLMN', 'ADCY3', 'COL5A3', 'CPE', 'RARRES2', 'TM4SF1', 'ZFP36', 'FABP5', 'ADAMDEC1', 'PLPP3', 'ITIH5', 'NR1H4', 'CA4']"
cS16 (Pericyte),"['STEAP4', 'MT2A', 'LHFP', 'HOPX', 'TINAGL1', 'CPE', 'IGFBP2', 'NOTCH3', 'ADIRF', 'NDUFA4L2', 'SYNPO2', 'RGS5', 'PDGFRB', 'EPS8', 'FABP4', 'C11orf96', 'C20orf27', 'MT1E', 'ADAMTS4', 'MYL9', 'APOE', 'SEPT4', 'PRRX1', 'SMOC2', 'TAGLN', 'KCNJ8', 'CRISPLD2', 'CD36', 'IGFBP7', 'GJA4', 'FAM162B', 'PFDN5', 'MT1M', 'CALD1', 'NR2F2', 'SPARCL1', 'PHLDA1', 'SLC7A2', 'COX4I2', 'C1QTNF1', 'ABCC9', 'SERPING1', 'CD44', 'CPM', 'ITGA7', 'MAP1B', 'MT1A', 'SEPT7', 'CCDC102B', 'ACTA2', 'CTSC', 'PTGER1', 'SOD3', 'ARHGAP15', 'RPS8', 'RPL29', 'TPM2', 'THY1', 'ISYNA1', 'RASD1', 'LAPTM4A', 'RPS3A', 'MFGE8', 'CHCHD10', 'MALAT1', 'GGT5', 'RPL12', 'CEBPD', 'ADAMTS1', 'PLAC9', 'ASAH1', 'ZEB2', 'ADCY3', 'RPL18', 'MYO1B', 'SLCO3A1', 'INAFM1', 'CHN1', 'FAM13C', 'ARID5B', 'HIGD1B', 'EBF1', 'H2AFJ', 'PCOLCE', 'MTHFD2', 'RPS27A', 'INPP4B', 'IGFBP4', 'TBX2', 'RPS5', 'FAU', 'H3F3B', 'ENPEP', 'NACA', 'FAM213A', 'FHL2', 'TPM1', 'ARHGDIB', 'IGFBP5', 'RPS24', 'RPL9', 'RPL34', 'RPL13', 'RPL32', 'PDK4', 'RPL41', 'FGF7', 'RPS28', 'RPL30', 'RPS18', 'TPT1', 'RPS12', 'RPL24', 'RPL39', 'A2M', 'RPL18A', 'RPL7A', 'RPS13', 'C1S', 'RPS4Y1', 'TMEM176A', 'TXNIP', 'RPL26', 'RPS2', 'MT1X', 'RPL21', 'TIMP3', 'RPL8', 'GAS6', 'HSPB6', 'BTF3', 'RPL10A', 'EPHX1', 'RPL37', 'PTGER3', 'RHOB', 'RPS14', 'C1R', 'RPS27', 'RPL36', 'RPL11', 'MYC', 'CCDC80', 'RPL19', 'CFH', 'RARRES2', 'RPS15A', 'SRPX', 'NFIB', 'RPS9', 'RPL37A', 'RPSA', 'LITAF', 'TMEM176B', 'RPL6', 'RPLP1', 'NNMT', 'EEF1A1']"
cS17 (Pericyte),"['ACTA2', 'NOTCH3', 'CALD1', 'COL18A1', 'PDGFRB', 'RGS5', 'NDUFA4L2', 'MYL9', 'SOD3', 'CSRP2', 'TAGLN', 'TPM2', 'MYH11', 'MYLK', 'TPM1', 'MAP3K7CL', 'CYTOR', 'PLXDC1', 'PPP1R14A', 'FRZB', 'HES4', 'LHFP', 'BGN', 'SMOC2', 'MIR143HG', 'C11orf96', 'SEPT4', 'TPPP3', 'MAP3K20', 'IGFBP7', 'DSTN', 'TBX2', 'GJA4', 'EPS8', 'ADIRF', 'MEF2C', 'PDGFA', 'MFGE8', 'CRISPLD2', 'SDC2', 'OLFML2B', 'TINAGL1', 'S100A4', 'PPP1R12B', 'FOXS1', 'PTK2', 'PHLDA1', 'CRIP1', 'CDH6', 'COL4A2', 'SEPT7', 'MCAM', 'NR2F2', 'JAG1', 'CHCHD10', 'ANGPT2', 'AC068491.1', 'HEYL', 'PTP4A3', 'PGF', 'COX4I2', 'GJC1', 'HOPX', 'COL14A1', 'GUCY1B3', 'SLIT3', 'ID4', 'OR51E1', 'MALAT1', 'C1QTNF1', 'PLN', 'PTMA', 'CSPG4', 'EDNRA', 'AXL', 'CALM2', 'PPP1R12A', 'ENPEP', 'LGI4', 'ARPC5', 'ITGA1', 'MRVI1', 'SERPINI1', 'ADAP2', 'NFASC', 'FBXO32', 'MAP1B', 'ARHGEF17', 'OAZ2', 'ACAN', 'SYNPO2', 'ISYNA1', 'EFHD1', 'TGFB1I1', 'HIGD1B', 'CLMN', 'ITGA7', 'PLCE1', 'MYL6', 'SGIP1', 'SPARCL1', 'LTBP1', 'NET1', 'PDLIM5', 'ACTG2', 'GBP2', 'NUDT4', 'LBH', 'YBX3', 'LPP', 'ZFHX3', 'PALLD', 'CSRP1', 'PDLIM3', 'BCAM', 'PTRF', 'WFDC1', 'ENTPD1', 'KCNA5', 'GADD45B', 'ENAH', 'GPRC5C', 'FLNA', 'CNN1', 'CAP2', 'NDUFA4', 'ACTN1', 'SORT1', 'CBX6', 'KCNMB1', 'HTRA1', 'HOXB-AS1', 'SLC38A11', 'CAV2', 'ADAMTS9', 'ACTN4', 'C10orf10', 'CTD-3252C9.4', 'ATP2B4', 'CDKN1A', 'LMOD1', 'PHLDB2', 'WDR1', 'MSRB3', 'HCFC1R1', 'CRYAB', 'IGFBP4', 'GPR4', 'NGF', 'NTN4', 'COBLL1', 'FILIP1', 'C9orf3', 'PDLIM7', 'RCAN2', 'TSC22D3', 'NRIP2', 'KLF2']"
cS18 (Pericyte),"['RGS5', 'NDUFA4L2', 'FRZB', 'THY1', 'CSRP2', 'CALD1', 'LHFP', 'NOTCH3', 'PDGFRB', 'MMP11', 'CYTOR', 'PLXDC1', 'AC068491.1', 'CHCHD10', 'CD248', 'ITGA1', 'COL4A2', 'ANGPT2', 'EDNRA', 'LURAP1L', 'COX4I2', 'CCDC3', 'SEPT4', 'KCNJ8', 'HES4', 'COL18A1', 'CYGB', 'PRSS23', 'PHLDA1', 'CCDC102B', 'SEPT11', 'ACTA2', 'GJA4', 'FOXS1', 'TBX2', 'COL4A1', 'CSPG4', 'TNS3', 'SEPT7', 'BGN', 'IGFBP7', 'SSRP1', 'MYLK', 'UACA', 'LPL', 'GJC1', 'TPPP3', 'HEYL', 'TPM1', 'ADAP2', 'IL34', 'MYO1B', 'CDH6', 'TGFB1I1', 'COL5A2', 'PPP1R14A', 'MYL9', 'OLFML2B', 'MARCKSL1', 'LZTS1', 'LDHB', 'C11orf96', 'SDC2', 'GUCY1B3', 'ID3', 'FAM162B', 'SPON2', 'ARHGEF17', 'CPM', 'ANXA6', 'LGALS1', 'PTK2', 'SOD3', 'S1PR3', 'COL5A3', 'ITGB1', 'ARPC2', 'SPATS2L', 'MCAM', 'TPM2', 'HIGD1B', 'ARHGAP15', 'PGF', 'EPS8', 'RGS16', 'NREP', 'RBP1', 'HEY2', 'NR2F2', 'LINGO1', 'COL1A1', 'EBF1', 'MAP3K20', 'OLFML2A', 'SPARC', 'CYBA', 'KRT18', 'PLOD2', 'SERPINH1', 'GGT5', 'CARD16', 'PLAT', 'F2R', 'FSTL1', 'FOXF1', 'MEST', 'GMFG', 'TMSB10', 'UNC5B', 'PCDH18', 'TESC', 'SERPINB6', 'SNAI2', 'SMARCB1', 'TMEM98', 'COL9A1', 'DYNLT1', 'LTBP4', 'RFTN1', 'GPC4', 'OAF', 'LIMS1', 'APP', 'PTN', 'LIMD2', 'IFIT3', 'ITGA4', 'SOX4', 'CALR', 'CCND2', 'MAB21L2', 'CDC42BPA', 'LRRC32', 'EFEMP2', 'HSP90AA1', 'MXRA5', 'CMTM6', 'RNF7', 'DNAJA1', 'MARCKS', 'EMILIN1', 'ALCAM', 'PDLIM2', 'UBE2E3', 'APEX1', 'SERPINI1', 'PAMR1', 'CRMP1', 'CDH11', 'IDH2', 'CLIC1', 'TMEM204', 'MPC1', 'CCDC68', 'ECM1']"
cS19 (Pericyte),"['THY1', 'NDUFA4L2', 'COL1A1', 'CYTOR', 'COL18A1', 'SPARC', 'BGN', 'TIMP1', 'UACA', 'RGS5', 'COL4A1', 'COL5A2', 'NOTCH3', 'PLXDC1', 'LGALS1', 'COL4A2', 'COL1A2', 'AC068491.1', 'FN1', 'CCDC102B', 'KCNJ8', 'PDGFRB', 'COL6A2', 'CALD1', 'COL6A1', 'ITGA1', 'OLFML2B', 'COL3A1', 'EDNRA', 'CD248', 'LOXL2', 'CHCHD10', 'COL5A3', 'TPM2', 'CD44', 'TPPP3', 'CYBA', 'TPM1', 'GUCY1B3', 'COL6A3', 'ITGB1', 'COL5A1', 'PPP1R14A', 'CHN1', 'ARPC5', 'ACTA2', 'ENPEP', 'PHLDA1', 'PRRX1', 'TAGLN', 'INAFM1', 'MYL9', 'LHFP', 'SDC2', 'CSPG4', 'EPS8', 'TGFB1I1', 'NID2', 'IGFBP7', 'H2AFJ', 'TFPI', 'TPM4', 'PRSS23', 'EGFL6', 'SERPINH1', 'MCAM', 'TBX2', 'COX4I2', 'MYO1B', 'PCOLCE', 'CDH6', 'RGS16', 'TSPAN15', 'S100A11', 'ABCC9', 'GJC1', 'CLIC1', 'SEPT4', 'NR2F2', 'PDGFA', 'GAPDH', 'HES4', 'CYGB', 'PGF', 'ARHGEF17', 'ID4', 'AXL', 'PAG1', 'ADAMTS2', 'SPON2', 'ANGPT2', 'FOXS1', 'FILIP1L', 'TDO2', 'AP2S1', 'HEYL', 'POSTN', 'ZEB2', 'MAP1B', 'GGT5', 'COL15A1', 'TMSB10', 'SERF2', 'S100A10', 'COL12A1', 'ERRFI1', 'EMP3', 'P4HB', 'EMP1', 'ATP5E', 'CERCAM', 'OSTC', 'OST4', 'KDELR2', 'SULF1', 'CLEC11A', 'FKBP10', 'FTL', 'SEC61G', 'ITGAV', 'VIM', 'PKM', 'FXYD5', 'IL32', 'RPL28', 'RCN3', 'CALU', 'SSR3', 'VCAN', 'THBS2', 'CD63', 'AEBP1', 'C7orf73', 'POMP', 'FSTL1', 'TNFAIP6', 'F3', 'PXDN', 'PPIB', 'C19orf10', 'LAMC1', 'ADAMTS12', 'G0S2', 'TNC', 'TMEM167A', 'ENO1', 'PRR16', 'C4orf48', 'GPM6B', 'ANXA2', 'ADAM12', 'SH3BGRL3', 'HIF1A', 'CDH13', 'REEP3', 'CD276', 'COTL1']"
cS20 (Pericyte prolif),"['PCLAF', 'TUBB', 'H2AFZ', 'TUBA1B', 'TK1', 'TYMS', 'HMGB2', 'UBE2C', 'STMN1', 'TPX2', 'CYTOR', 'DUT', 'SMC4', 'RGS5', 'SLC25A5', 'NDUFA4L2', 'TOP2A', 'DEK', 'KIF20B', 'CENPF', 'THY1', 'HMGB1', 'RRM2', 'CENPW', 'RANBP1', 'HMGN2', 'RAN', 'TUBB4B', 'UBE2T', 'NUSAP1', 'MKI67', 'ACTA2', 'SMC2', 'CENPK', 'CENPU', 'PTTG1', 'SEPT11', 'BIRC5', 'NUCKS1', 'PLXDC1', 'GJC1', 'CDK1', 'ZWINT', 'NOTCH3', 'OLFML2B', 'KPNA2', 'IDH2', 'GGH', 'H2AFV', 'CKS2', 'LSM4', 'AC068491.1', 'COL18A1', 'CENPN', 'CKS1B', 'SPC25', 'MCM7', 'PBK', 'CLSPN', 'TMEM106C', 'LGALS1', 'SKA2', 'PCNA', 'RAD51AP1', 'CSPG4', 'UACA', 'CALD1', 'TPM4', 'RPA3', 'ITGA1', 'UQCC2', 'COL5A3', 'RRM1', 'COX8A', 'HES4', 'CALM2', 'TEX30', 'DHFR', 'DTYMK', 'NUDT1', 'BGN', 'CENPH', 'USP1', 'IKBIP', 'SEMA5A', 'TPM2', 'ENPEP', 'CCDC102B', 'TMSB15A', 'HNRNPAB', 'GMNN', 'MAD2L1', 'TPM1', 'CCDC3', 'EDNRA', 'ATAD2', 'SDC2', 'RPL39L', 'TDO2', 'FOXM1', 'TUBB6', 'HIST1H4C', 'TMPO', 'RHEB', 'STRA13', 'HNRNPA2B1', 'H2AFX', 'DIAPH3', 'CCNB2', 'HN1', 'YWHAH', 'HMGN1', 'NRGN', 'CCNA2', 'NASP', 'TCF19', 'AURKB', 'CBX5', 'UBE2S', 'ASPM', 'PRC1', 'CKAP2', 'ITGB3BP', 'WDR34', 'CDKN3', 'FAM64A', 'KIFC1', 'NCAPG', 'PHF19', 'PARP1', 'NUF2', 'GTSE1', 'MYBL2']"
cS21 (Fibro stem cell niche),"['MFAP5', 'IGFBP6', 'DCN', 'CFD', 'PLAC9', 'PCOLCE2', 'CD55', 'TNXB', 'EFEMP1', 'CST3', 'FBLN2', 'FBN1', 'S100A4', 'GSN', 'C1QTNF3', 'SFRP1', 'FBLN1', 'SCARA5', 'CCDC80', 'CD248', 'FSTL1', 'ADH1B', 'CLEC3B', 'LTBP4', 'OLFML3', 'GPX3', 'C1R', 'GPNMB', 'PI16', 'MFAP4', 'LUM', 'OGN', 'CYBRD1', 'PRELP', 'PCOLCE', 'MGST1', 'SLPI', 'OSR2', 'TIMP2', 'TIMP3', 'FN1', 'CILP', 'S100A6', 'MGP', 'DPT', 'SERPINF1', 'CADM3', 'ISLR', 'PLPP3', 'COL6A2', 'SERPINE2', 'SEMA3C', 'C1S', 'ITM2A', 'UAP1', 'NUPR1', 'CD99', 'COL1A2', 'PSAP', 'SFRP2', 'EMP3', 'PPIC', 'TIMP1', 'MEG3', 'PMP22', 'RARRES2', 'CPQ', 'ANXA2', 'SERPING1', 'S100A10', 'SOD3', 'FTL', 'WISP2', 'FCGRT', 'CTSK', 'CD63', 'VKORC1', 'PIGT', 'PROCR', 'RP11-14N7.2', 'KRT24', 'FXYD1', 'F10', 'PLTP', 'MFGE8', 'C3', 'MMP2', 'CLU', 'MRC2', 'LOXL1', 'SMIM14', 'SDC2', 'GPX4', 'SEPP1', 'HTRA3', 'ECM1', 'PHGDH', 'KLF4', 'LAPTM4A', 'IGFBP5', 'ITM2B', 'APP', 'TPPP3', 'SH3BGRL3', 'CD34', 'EBF1', 'C17orf58', 'CLTB', 'SDCBP', 'ADI1', 'CREB5', 'DDAH2', 'SEMA3B', 'DBN1', 'NPC2', 'ADAMTS5', 'KLF2', 'PAMR1', 'RP11-48O20.4', 'SHISA3', 'SEMA3E', 'GRN', 'RHOA', 'TGFBR3', 'CLDN11']"
cS22 (Fibro stem cell niche),"['CFD', 'DCN', 'FBLN1', 'CCDC80', 'MGP', 'SFRP2', 'GSN', 'ADH1B', 'LUM', 'OGN', 'DPT', 'PLAC9', 'CST3', 'IGFBP6', 'CXCL12', 'C1R', 'GPNMB', 'MFAP4', 'TNXB', 'SFRP1', 'S100A4', 'RARRES2', 'FTL', 'SERPINF1', 'MFAP5', 'C1S', 'COL14A1', 'EFEMP1', 'C3', 'LTBP4', 'SEPP1', 'SLIT3', 'NUPR1', 'PCOLCE', 'OLFML3', 'SERPING1', 'FBLN2', 'SRPX', 'MMP2', 'COL1A2', 'PTN', 'CTSK', 'MGST1', 'SCARA5', 'TIMP2', 'CYBRD1', 'SOD3', 'COL6A2', 'GPX3', 'PRELP', 'PLTP', 'FXYD1', 'CPQ', 'PSAP', 'C16orf89', 'PI16', 'RSPO3', 'C1QTNF3', 'WISP2', 'CFH', 'FGL2', 'ITM2A', 'SPON2', 'PLPP3', 'OSR2', 'CD63', 'PMP22', 'LRP1', 'AEBP1', 'FTH1', 'HTRA1', 'TIMP1', 'COL6A3', 'SERPINE2', 'NPC2', 'S100A6', 'TIMP3', 'FCGRT', 'ABI3BP', 'LGALS3BP', 'CD248', 'CES1', 'PCOLCE2', 'CLU', 'CILP', 'SCPEP1', 'LGALS3', 'TMEM176B', 'MRC2', 'ZFP36L2', 'MEG3', 'CD55', 'CHRDL1', 'ABCA8', 'F10', 'CP', 'FN1', 'QSOX1', 'CPVL', 'LSP1', 'ITM2B', 'TXNIP', 'ALDH1A1', 'CD99', 'APP', 'IGSF10', 'CLDN11', 'CADM3', 'OMD', 'DDAH2', 'SLPI', 'CD81', 'ANXA1', 'PAM', 'CTSF', 'S100A10', 'GSTM5', 'PID1', 'TGFBR3', 'EBF1', 'NFIA']"
cS23 (Fibro BMP-producing),"['CXCL14', 'F3', 'PLAT', 'PDGFRA', 'RGS10', 'BMP5', 'HSD17B2', 'COL6A2', 'FENDRR', 'TMEM176B', 'APOE', 'MFGE8', 'DMKN', 'NSG1', 'COL6A1', 'ENHO', 'WFDC1', 'EDNRB', 'CEBPD', 'EMILIN1', 'SLITRK6', 'TRPA1', 'FOXF1', 'FRZB', 'TMEM176A', 'BMP4', 'RARRES2', 'CYGB', 'TGFBI', 'APLP2', 'NBL1', 'SOX6', 'PPP1R14A', 'COL3A1', 'NRG1', 'SCPEP1', 'S100A13', 'SDC2', 'LTBP4', 'BSG', 'POSTN', 'COL6A3', 'EMID1', 'MMP2', 'ACP5', 'IGFBP3', 'LOX', 'LGALS3BP', 'C11orf96', 'PCDH18', 'CTSD', 'ECM1', 'VCAN', 'GPX3', 'GADD45G', 'TMEM119', 'NPY', 'PITX1', 'KREMEN1', 'MRPS6', 'PXDN', 'FAM105A', 'FAM150B', 'CEBPB', 'CRISPLD2', 'ITGA8', 'ADGRL3', 'AGT', 'TPM2', 'WNT5A', 'GJA1', 'BMP2', 'PROM1', 'LTBP1', 'IL1R1', 'PROCR', 'CALD1', 'UBB', 'PTCH1', 'INSC', 'HLA-A', 'TSPAN33', 'RARRES3', 'VEGFA', 'EMP3', 'VSTM2A', 'F2R', 'MALAT1', 'CSF1', 'LGALS1', 'PDGFD', 'CTSB', 'PTGS1', 'C8orf4', 'MCTP2', 'STMN2', 'FTL', 'TIMP1', 'TSC22D3', 'HMGN2', 'TM4SF1', 'B2M', 'CD9', 'MAP1B', 'LAMA5', 'CAV1', 'HLA-B', 'H3F3B', 'GMFG', 'PDLIM1', 'TBX2', 'C9orf16', 'PTMA', 'JUNB', 'MT-CO1', 'PTPRE', 'SLC9A3R2', 'IFI27', 'COL4A5', 'CXCR4', 'A2M', 'LAMC3', 'ETS2', 'C7orf50', 'HMGB1', 'MGLL', 'EID1', 'DACH1', 'BST2']"
cS24 (Fibro BMP-producing),"['CXCL14', 'F3', 'PDGFRA', 'NBL1', 'POSTN', 'COL6A2', 'PLAT', 'TMEM176B', 'BMP4', 'CEBPD', 'FAM150B', 'EDNRB', 'COL6A1', 'CALD1', 'SOX6', 'NSG1', 'HSD17B2', 'DMKN', 'ENHO', 'EMILIN1', 'MMP2', 'TRPA1', 'TMEM176A', 'RARRES2', 'VSTM2A', 'TSC22D3', 'C1S', 'FRZB', 'SERPINF1', 'LSP1', 'BMP5', 'CRISPLD2', 'TMEM119', 'PDGFD', 'DDHD1', 'APOD', 'APLP2', 'PITX1', 'FENDRR', 'GADD45G', 'CXCR4', 'LTBP4', 'CYGB', 'PTCH1', 'LGALS3BP', 'MFAP4', 'RGS10', 'ECM1', 'LAMA4', 'JUN', 'NNMT', 'RBP1', 'C1R', 'TSHZ2', 'CDH11', 'SDC2', 'FOXF1', 'FHL2', 'TPM2', 'AGT', 'MT-CO3', 'LRP1', 'CFD', 'EMID1', 'COL3A1', 'PCSK6', 'MALAT1', 'PPP1R14A', 'CEBPB', 'FOS', 'TXNIP', 'MT-CO1', 'COL4A5', 'MAP1LC3A', 'TGFBI', 'PTGER2', 'PLEKHH2', 'ACTA2', 'ST5', 'RP11-356J5.12', 'GPX3', 'KREMEN1', 'PAPPA2', 'COL6A3', 'NUDT4', 'MT-CYB', 'PDLIM1', 'CTGF', 'PROM1', 'IGFBP5', 'DIO3OS', 'TSPAN33', 'SGCE', 'LAPTM4A', 'CPM', 'ALDH1A3', 'ZFP36L1', 'FOXF2', 'EGR1', 'SCPEP1', 'B2M', 'HLA-A', 'CD9', 'HLA-B', 'CAV1', 'JUNB', 'ADIRF', 'TCF4', 'MGLL', 'MT-CO2', 'MT-ND2', 'MT-ND4', 'ZFP36', 'LIMCH1', 'MT-ND1', 'TM4SF1', 'SCUBE2', 'PTGDR2', 'COL4A6', 'IGFBP3', 'GMFG', 'FAM89A', 'F2R', 'MIR143HG', 'TSLP', 'WNT5B']"
cS25 (Fibro CCL8+),"['ADAMDEC1', 'APOE', 'CXCL14', 'CFD', 'CTSC', 'ABCA8', 'ADAM28', 'C1S', 'TMEM176B', 'TCF21', 'FBLN1', 'MFAP4', 'LUM', 'TMEM176A', 'LTBP4', 'EMILIN1', 'EDIL3', 'DCN', 'CEBPD', 'CFH', 'HAPLN1', 'COL3A1', 'CCL2', 'RBP1', 'CCL13', 'CCL11', 'A2M', 'SCARA5', 'RP11-805I24.2', 'MEG3', 'C1R', 'STMN2', 'CYGB', 'CCL8', 'MATN2', 'VCAN', 'COL6A2', 'COL1A2', 'PTN', 'VMP1', 'SEPP1', 'JUN', 'GPX3', 'PLTP', 'CRISPLD2', 'GGT5', 'FOS', 'LGALS3BP', 'ADH1B', 'RND3', 'LSP1', 'PLEKHH2', 'CALD1', 'PROCR', 'LRP1', 'COL6A1', 'COL1A1', 'RARRES2', 'COL14A1', 'QSOX1', 'PPP1R14A', 'RP1-186E20.2', 'PLPP3', 'TFPI2', 'RHOBTB3', 'MMP2', 'VCAM1', 'CTSK', 'PLAC9', 'NOVA1', 'TGFBI', 'PLPP1', 'C11orf96', 'FBLN5', 'SERPINF1', 'FHL1', 'EMID1', 'IL6ST', 'PITX1', 'RARRES3', 'EGR1', 'FILIP1L', 'APOC1', 'ZFP36L1', 'PTGDS', 'CLEC11A', 'COL5A1', 'SPON2', 'MAPK10', 'FHL2', 'PMP22', 'ZFP36L2', 'BMP4', 'BASP1', 'FXYD1', 'RPS12', 'HAAO', 'RGS10', 'SMPDL3A', 'FABP5', 'BTG1', 'TM4SF1', 'RPS7', 'ZFP36', 'HNRNPA1', 'SPARCL1', 'MALAT1', 'COL15A1', 'JUNB', 'RPL13A', 'FABP4', 'COL18A1', 'GNG11', 'RPL21', 'IGHA1', 'COX7C', 'RPLP2', 'IGFBP7', 'RHOB', 'H3F3B', 'RPL7', 'P2RY14', 'GLTSCR2', 'MT-ND1', 'EEF1D', 'C8orf4', 'MT-CO1', 'PTGER4', 'IGKC', 'VIM', 'CHL1', 'RPS27A', 'NID1', 'ACVRL1', 'CRYBG3', 'GSN', 'SPRY1', 'CIRBP', 'SAMHD1', 'RPL3', 'RPS16']"
cS26 (Myofibro),"['TAGLN', 'MYLK', 'MYH11', 'TPM2', 'ACTG2', 'TPM1', 'ACTA2', 'MYL9', 'DSTN', 'MYL6', 'LPP', 'CNN1', 'FLNA', 'RP3-412A9.11', 'SYNPO2', 'DES', 'CALD1', 'PDLIM3', 'CSRP1', 'ACTB', 'PLN', 'LMOD1', 'LTBP1', 'ACTN1', 'NDUFA4', 'SLMAP', 'PALLD', 'PDLIM7', 'MIR143HG', 'HSD17B6', 'FHL1', 'NEXN', 'SMTN', 'PPP1R12B', 'WFDC1', 'FILIP1L', 'KCNMB1', 'TGFB1I1', 'COL3A1', 'TIMP2', 'HHIP', 'C1S', 'CKB', 'KANK2', 'EMILIN1', 'NBL1', 'CRYAB', 'MT-RNR1', 'RGS2', 'LGALS1', 'TUBA1A', 'MT-ATP6', 'MSRB3', 'SORBS1', 'NPNT', 'SOSTDC1', 'TCEAL4', 'SH3BGRL', 'CES1', 'ITM2C', 'PCDH7', 'MFAP4', 'ILK', 'SVIL', 'LUM', 'PPP1R14A', 'PRUNE2', 'PLEKHO1', 'NUPR1', 'ITGB1', 'VCL', 'MYOCD', 'CCDC107', 'MRVI1', 'EDIL3', 'SGCA', 'C1R', 'FBXO32', 'FERMT2', 'TES', 'RBPMS', 'FN1', 'TNC', 'C9orf3', 'COL1A2', 'ALDH1B1', 'TLN1', 'IGFBP5', 'CFL2', 'AKAP12', 'AOC3', 'DDR2', 'COL1A1', 'ANTXR1', 'MRGPRF', 'SAMD11', 'RAMP1', 'SEPW1', 'RGS5', 'CSRP2', 'HSPB1', 'ACTN4', 'COL4A2', 'PTMS', 'MT-RNR2', 'PAWR', 'PPP1R12A', 'TPM4', 'MT-CO3', 'WDR1', 'CLIC4', 'CAV1', 'SPARCL1', 'LIMS2', 'PTMA', 'MT-CYB', 'GBP2', 'CD9', 'KCNMA1', 'SYNM', 'DMD', 'PFN1', 'MINOS1', 'NRP2', 'TNS1']"
cS27 (CXCL14+ CAF),"['CXCL14', 'RARRES2', 'IGFBP7', 'VCAN', 'PDPN', 'CTSK', 'F3', 'PALLD', 'COL3A1', 'COL1A1', 'CTSC', 'TMEM176A', 'TMEM176B', 'EMILIN1', 'LUM', 'COL1A2', 'COL5A1', 'INHBA', 'FHL2', 'AGT', 'COL12A1', 'SPON2', 'TIMP1', 'F2R', 'COL6A3', 'PDGFRA', 'NBL1', 'SERPINF1', 'C1S', 'C1R', 'CDH11', 'TPM2', 'EMID1', 'BMP4', 'MMP11', 'PCOLCE', 'MFAP2', 'COL6A1', 'COL5A2', 'WNT5A', 'PCDH18', 'LGALS1', 'EFEMP2', 'SULF1', 'TGM2', 'DKK3', 'FENDRR', 'LGALS3BP', 'DCN', 'THY1', 'ALDH1A3', 'PTCH1', 'CISD1', 'CALD1', 'PPIB', 'RBP1', 'PROCR', 'NSG1', 'PTMA', 'TMEM98', 'PAG1', 'MDK', 'MEST', 'SPATS2L', 'SDC2', 'TMEM158', 'MEG3', 'FOXF1', 'CLEC11A', 'FILIP1L', 'MXRA5', 'TMSB10', 'ST5', 'PPP1R14A', 'MXRA8', 'C2', 'MMP2', 'AEBP1', 'PITX1', 'RARRES3', 'TSPAN33', 'TGFBI', 'ISLR', 'ANTXR1', 'RUNX1', 'PDGFC', 'EDIL3', 'SOX4', 'SEPT11', 'FBLN1', 'PLAT', 'GPC1', 'MARCKSL1', 'CH25H', 'WARS', 'CNN2', 'COL6A2', 'PLOD2', 'PLAU', 'RGS10', 'ITM2C', 'CARD16', 'MYL12A', 'LSAMP', 'BICC1', 'FARP1', 'TCF4', 'CFL1', 'PDLIM1', 'SERPINH1', 'C9orf16', 'MYH9', 'RCN2', 'C4orf48', 'NDUFA4', 'POMP', 'ZEB1', 'MYLK', 'PSMB9', 'C9orf3', 'WNT4', 'CYTOR', 'SULF2', 'MRVI1', 'WNT2', 'CAV2', 'FBLIM1', 'CHCHD10', 'ITGA1', 'SPARC', 'HSPE1', 'TAGLN', 'TPM4', 'ATP2B1', 'PSME2', 'CALM1', 'ID3', 'LIMS1', 'SERTAD4-AS1', 'RPS19', 'PMEPA1', 'CALR', 'ETS2', 'LEF1', 'ISG15', 'ADAM19', 'F2RL2', 'TGFB1', 'DLL1', 'HSPA8', 'H3F3A']"
cS28 (GREM1+ CAF),"['COL1A1', 'COL3A1', 'COL1A2', 'CTHRC1', 'COL5A2', 'BGN', 'LUM', 'THBS2', 'COL12A1', 'COL6A3', 'POSTN', 'INHBA', 'ANTXR1', 'SPON2', 'AEBP1', 'COL5A1', 'PDPN', 'FTH1', 'SULF1', 'MXRA5', 'FAP', 'MMP14', 'RARRES2', 'RAB31', 'DCN', 'MMP2', 'LGALS1', 'PRRX1', 'GREM1', 'TPM2', 'COL6A1', 'CTSB', 'FN1', 'CTSK', 'RP3-412A9.11', 'MFAP2', 'SOD2', 'CALU', 'CDH11', 'TNC', 'VCAN', 'PCOLCE', 'COL11A1', 'ADAMTS2', 'TIMP2', 'PLOD2', 'EMILIN1', 'TNFAIP6', 'STEAP1', 'ADAM12', 'THY1', 'COL7A1', 'TWIST1', 'TNFRSF12A', 'BASP1', 'FTL', 'COL10A1', 'TGFBI', 'RCN3', 'WNT5A', 'COL6A2', 'NBL1', 'MXRA8', 'WISP1', 'TMEM158', 'CLMP', 'SLC16A3', 'BICC1', 'PODNL1', 'C1S', 'TPM1', 'PALLD', 'STEAP2', 'PKM', 'CEBPB', 'ISLR', 'SPHK1', 'CHPF', 'SERPINH1', 'CALD1', 'FKBP10', 'P4HB', 'MMP1', 'NTM', 'MRC2', 'GAS1', 'CERCAM', 'SPOCK1', 'RUNX1', 'SPARC', 'DDR2', 'PTK7', 'ARF4', 'COL8A1', 'CLEC11A', 'FAM20C', 'FSTL1', 'MT1E', 'OSTC', 'CD82', 'TPM4', 'IL32', 'GAPDH', 'HIF1A', 'LMCD1', 'TMSB10', 'MYH9', 'RAI14', 'ACTN1', 'SULF2', 'ITGB1', 'TAGLN', 'NRP2', 'BMP1', 'SLC39A14', 'RP11-400N13.3', 'EVA1A', 'LTBP1', 'PRELID1', 'SSR3', 'ARL4C', 'MARCKS', 'ITGAV', 'CLIC4', 'LOXL2', 'ADAMTS12', 'KDELR2', 'GUCY1A3', 'MICAL2', 'GJB2', 'PDGFRB', 'COTL1', 'PLPP4', 'BCAT1', 'CCND1', 'SOX4']"
cS29 (MMP3+ CAF),"['FTH1', 'MT2A', 'SOD2', 'GAPDH', 'FTL', 'CXCL8', 'CEBPB', 'TPI1', 'MT1E', 'IER3', 'ENO1', 'PKM', 'CD44', 'NAMPT', 'COL7A1', 'TGFBI', 'LDHA', 'MMP1', 'SAT1', 'RP3-412A9.11', 'WNT5A', 'PHLDA1', 'SLC16A3', 'MMP3', 'INHBA', 'CXCL1', 'SEC61G', 'TMEM158', 'CD82', 'LGALS1', 'MT1X', 'LOXL2', 'BNIP3', 'F3', 'TMEM132A', 'MIF', 'TIMP1', 'CHI3L1', 'COL3A1', 'TNC', 'TNFRSF12A', 'COL12A1', 'PGK1', 'ANGPTL4', 'PLOD2', 'GLRX', 'ADM', 'FAM20C', 'BNIP3L', 'PDPN', 'DCN', 'RPL28', 'GSTO1', 'LUM', 'VEGFA', 'COL1A1', 'CXCL5', 'TMEM45A', 'TPM2', 'ERRFI1', 'PLIN2', 'SPON2', 'IL24', 'COL5A2', 'PRRX1', 'ACSL4', 'MME', 'ANXA5', 'SLC39A14', 'HILPDA', 'PLAUR', 'CA12', 'RUNX1', 'IL11', 'P4HB', 'AKR1B1', 'STC1', 'G0S2', 'MMP14', 'CXCL3', 'PGAM1', 'NNMT', 'RND3', 'NBL1', 'OAZ1', 'TNFAIP3', 'RPLP0', 'HIF1A', 'CTSB', 'TNFAIP6', 'COL6A3', 'PDLIM4', 'TNIP1', 'RCN3', 'GK', 'S100A6', 'NINJ1', 'COL6A1', 'AXL', 'VMP1', 'PTMA', 'RAB13', 'IL32', 'ITGA5', 'DDIT4', 'CYTOR', 'LRRFIP1', 'AP2S1', 'POMP', 'SERPINE1', 'NDRG1', 'UPP1', 'CAV1', 'FADS3', 'ERO1A', 'VDAC1', 'MT1F', 'HMGA1', 'COX7A2', 'PHLDA2', 'COTL1', 'KLHL5', 'C4orf3', 'S100A11', 'WTAP', 'PTGS1', 'PFKFB3', 'IL6', 'ZC3H12A']"
cS30 (CAF CCL8 Fibro-like),"['TFPI2', 'CCL11', 'ADAMDEC1', 'IGFBP5', 'ADAM28', 'TCF21', 'PTGDS', 'CCL13', 'TGFBI', 'HAPLN1', 'VCAN', 'CFD', 'FBLN1', 'RP1-186E20.2', 'LUM', 'CTSK', 'COL18A1', 'C1S', 'TIMP3', 'ADH1B', 'PLTP', 'EMILIN1', 'SCARA5', 'DCN', 'LTBP4', 'FHL2', 'QSOX1', 'COL14A1', 'CFH', 'TMEM176B', 'ECM1', 'SERPINE2', 'WNT2B', 'RARRES2', 'EDIL3', 'TMEM176A', 'C11orf96', 'RHOBTB3', 'CXCL14', 'CCL2', 'DKK3', 'CYGB', 'NEGR1', 'RP11-805I24.2', 'PAPPA', 'IGF1', 'RND3', 'CTSC', 'COL1A2', 'SERPINF1', 'C1R', 'SPON2', 'MFAP4', 'CCDC80', 'COL6A1', 'MRC2', 'IL6ST', 'SFRP1', 'LRP1', 'ZFP36L1', 'BASP1', 'MEG3', 'MXRA5', 'JUND', 'A2M', 'GPC6', 'BMP4', 'DPT', 'ZEB2', 'FILIP1L', 'HTRA3', 'COL3A1', 'FBLN5', 'SPON1', 'PITX1', 'GRK5', 'COL6A2', 'EDNRB', 'APOE', 'AKAP12', 'CST3', 'COL5A1', 'FIBIN', 'SMPDL3A', 'CDH11', 'RBP1', 'TFPI', 'PMP22', 'FOSB', 'ENC1', 'GGT5', 'LTBP2', 'NFIA', 'MMP2', 'ABCA8', 'PTGER4', 'ROBO1', 'TYMP', 'RRBP1', 'CXCL1', 'SPARCL1', 'GNG11', 'FABP5', 'SPRY1', 'SPTBN1', 'ACVRL1', 'BTG1', 'PLPP1', 'COL15A1', 'VIM', 'EPAS1', 'MT-ND1', 'ADGRL2', 'FAM198B', 'NID1', 'CLEC2B', 'CRYBG3', 'TNFSF10', 'MT-CO3', 'HGF', 'TGFBR2', 'FGFR4', 'P2RY14', 'TSPAN2', 'MT-CO1', 'MT-CO2', 'VCAM1', 'DDX5', 'MATN2', 'TRIL', 'MT-ATP6', 'MCL1', 'PHACTR2', 'CYR61', 'DUSP6', 'MAMDC2', 'NDUFA4L2', 'RP1-288H2.5', 'RBP5', 'C8orf4', 'CHL1']"
cS31 (CAF stem niche Fibro-like),"['CCDC80', 'C3', 'SFRP2', 'IGF1', 'COL6A3', 'SERPINF1', 'FBLN1', 'IGFBP4', 'MGP', 'DCN', 'VCAN', 'COL14A1', 'OGN', 'COL1A2', 'LUM', 'LRP1', 'SPON1', 'GPNMB', 'C1S', 'PCOLCE', 'RARRES1', 'MMP2', 'COL3A1', 'FBN1', 'C1R', 'MGST1', 'CTSK', 'COL1A1', 'SLIT3', 'HSPB6', 'SRPX', 'EFEMP1', 'PLA2G2A', 'STEAP1', 'PODN', 'ELN', 'DPT', 'THBS2', 'CFD', 'THY1', 'OLFML3', 'STEAP2', 'FGF7', 'AEBP1', 'PTGDS', 'RHOBTB3', 'MEG3', 'PLTP', 'PDGFRA', 'CYBRD1', 'MRC2', 'ANK2', 'COL6A1', 'CHRDL1', 'TSHZ2', 'CD63', 'TIMP2', 'MFAP4', 'MMP23B', 'BASP1', 'PRELP', 'SSPN', 'OAF', 'SFRP1', 'BOC', 'CD248', 'SPON2', 'VEGFB', 'FSTL1', 'CLMP', 'TIMP1', 'NFIX', 'SERPING1', 'SVEP1', 'CST3', 'COL6A2', 'PBX1', 'MXRA8', 'SERPINE2', 'LGALS3BP', 'TNXB', 'NNMT', 'COL8A1', 'C1QTNF3', 'CFH', 'CLEC11A', 'PTGIS', 'FMOD', 'NUPR1', 'SCPEP1', 'SFRP4', 'PMP22', 'ABI3BP', 'FBLN5', 'PLXDC2', 'AKR1C1', 'CXCL12', 'GREM1', 'ADD3', 'PBX3', 'EMP1', 'LXN', 'NFIB', 'CLU', 'NT5E', 'C7', 'FAM198B', 'MEDAG', 'AKR1C3', 'MAPKAP1', 'LMNA', 'NR4A1', 'ABL2', 'EBF1', 'DPYSL3', 'PDGFRL', 'CPXM1', 'MT-RNR2', 'TGFBR2', 'AOX1', 'NFIA', 'UGP2', 'SPARCL1', 'BGN', 'DPYSL2', 'SH3D19', 'FKBP5', 'ANGPTL1', 'MIR99AHG', 'GPRC5A', 'ANGPTL4', 'HTRA1', 'MDK', 'COLEC12', 'SH3BP5', 'MYCBP2', 'DCLK1', 'AKAP12', 'DAAM1', 'FOSB']"
cS32 (Smooth Muscle),"['ADIRF', 'TAGLN', 'DSTN', 'MYL9', 'MYH11', 'ACTA2', 'TPM2', 'PLN', 'RERGL', 'SOD3', 'RP3-412A9.11', 'MT1E', 'PPP1R14A', 'FLNA', 'NDUFA4', 'TSC22D1', 'TPM1', 'MT2A', 'CSRP2', 'MT1M', 'C11orf96', 'SORBS2', 'MT1X', 'MYL6', 'CALM2', 'SNCG', 'NOTCH3', 'MFGE8', 'CRYAB', 'NET1', 'CSRP1', 'PRKCDBP', 'MYLK', 'NTRK2', 'FRZB', 'FXYD1', 'SH3BGRL', 'HSPB1', 'MIR143HG', 'RCAN2', 'HES4', 'ACTG2', 'GADD45B', 'LBH', 'BCAM', 'CNN1', 'LMOD1', 'CRIP1', 'MAP3K20', 'CALD1', 'MGST3', 'C2orf40', 'TINAGL1', 'MAP3K7CL', 'BTG2', 'PHLDA2', 'IGFBP5', 'PPP1R12B', 'ACTB', 'PPDPF', 'HCFC1R1', 'MTHFD2', 'PLAC9', 'GPX3', 'JUNB', 'EFHD1', 'SYNPO2', 'C1QTNF1', 'S100A4', 'MT-CO1', 'CKB', 'PNRC1', 'ARPC1A', 'MT-ND2', 'NUPR1', 'ZFHX3', 'UQCRB', 'CCDC3', 'NDUFB7', 'COX7A1', 'FAU', 'COX7A2', 'TNS1', 'SPARCL1', 'CCNI', 'BGN', 'MALAT1', 'CIRBP', 'CPE', 'PPP1R12A', 'LPP', 'RPL23A', 'SKP1', 'RPL14', 'NEXN', 'YBX1', 'KCNA5', 'MT-ND4', 'GPRC5C', 'MCAM']"
cS33 (Schwann),"['CRYAB', 'S100B', 'GPM6B', 'CD9', 'PLP1', 'PMP22', 'FXYD1', 'CLU', 'LGI4', 'PRNP', 'NRXN1', 'ALDH1A1', 'S100A10', 'TMEM176B', 'SCN7A', 'SPP1', 'MATN2', 'SEMA3B', 'CDH19', 'PEBP1', 'CALM2', 'MPZ', 'PMEPA1', 'MARCKS', 'TUBA1A', 'AP1S2', 'MYOT', 'ANXA2', 'ANK3', 'DKK3', 'H3F3B', 'ERBB3', 'VIM', 'TSPAN11', 'S100A4', 'XKR4', 'GPR155', 'TMEM176A', 'S100A6', 'PPDPF', 'CNN3', 'MT2A', 'MAL', 'ARHGAP15', 'GFRA3', 'L1CAM', 'CD59', 'SPARC', 'HAND2', 'COL28A1', 'PHLDA3', 'TUBB2B', 'GAS7', 'LGALS1', 'RASSF4', 'DST', 'RHOB', 'COL9A3', 'SOX10', 'PLEKHB1', 'CADM1', 'HAND2-AS1', 'MT-ND2', 'SAMHD1', 'SORBS2', 'COMT', 'NTM', 'PSAP', 'MT1E', 'S100A1', 'OLFML2A', 'FTH1', 'KCNMB4', 'NCAM1', 'CST3', 'LGALS3BP', 'PCSK2', 'SOX2', 'COL8A1', 'FSTL3', 'SCCPDH', 'NDRG2', 'SORCS1', 'METRN', 'ANXA1', 'RP4-792G4.2', 'ANXA5', 'NGFR', 'CHL1', 'ITM2C', 'SEMA3C', 'TIMP3', 'SLC22A17', 'CADM2', 'ABCA8', 'MIA', 'CBR1', 'FTL', 'SMIM5', 'ASPA']"
cE01 (Stem/TA-like),"['RPL13', 'RPS18', 'RPL28', 'RPS27', 'RPL21', 'RPL39', 'RPL10', 'RPL32', 'RPS19', 'RPL12', 'RPL29', 'RPL18A', 'RPL13A', 'RPS6', 'RPS15A', 'RPL37', 'RPS24', 'EEF1A1', 'RPL35A', 'RPS8', 'RPL30', 'RPL10A', 'RPS12', 'RPL14', 'RPL11', 'RPL31', 'RPS7', 'RPS9', 'RPS27A', 'RPS3', 'RPL5', 'RPL26', 'RPL37A', 'RPS3A', 'RPL34', 'RPL7', 'RPL15', 'RPS5', 'RPL6', 'RPS4X', 'RPS14', 'RPS23', 'RPL23A', 'RPL7A', 'RPS13', 'RPS28', 'RPLP0', 'RPL8', 'RPL36', 'RPL24', 'RPL19', 'RPL22', 'RPL3', 'RACK1', 'RPS15', 'NACA', 'RPL9', 'RPS16', 'RPS25', 'RPL18', 'RPS11', 'RPS2', 'RPL36A', 'RPL41', 'RPL27A', 'RPLP1', 'RPL23', 'RPS20', 'RPLP2', 'RPS21', 'RPL35', 'RPL38', 'EIF3E', 'RPL27', 'EEF1B2', 'EEF2', 'RPS10', 'ZFAS1', 'RPL4', 'RPSA', 'RPS29', 'COMMD6', 'PABPC1', 'TPT1', 'FTL', 'RPS17', 'GLTSCR2', 'UBA52', 'SLC25A6', 'GPX2', 'BTF3', 'ATP5E', 'ATP5G2', 'PRDX5', 'HNRNPA1', 'EIF3H', 'NPM1', 'FAU', 'PFDN5', 'TOMM7']"
cE02 (Stem/TA-like/Immature Goblet),"['TFF3', 'FCGBP', 'MUC2', 'SPINK4', 'ST6GALNAC1', 'SERPINA1', 'KLK1', 'KIAA1324', 'CREB3L1', 'MUC5B', 'LRRC26', 'XBP1', 'RETNLB', 'GMDS', 'REP15', 'REG4', 'WFDC2', 'STARD10', 'CKAP4', 'SPDEF', 'AGR2', 'MLPH', 'SLC12A2', 'ITLN1', 'ATOH1', 'HPCAL1', 'C12orf57', 'NPDC1', 'RAP1GAP', 'FOXP1', 'ERGIC1', 'ERN2', 'ARFGEF3', 'CMIP', 'CDC42EP5', 'GNE', 'WNK2', 'CANT1', 'MUC4', 'TSPAN13', 'RP11-234B24.2', 'HES6', 'ABLIM1', 'ANG', 'SPINK1', 'ASPH', 'CLCA1', 'SCNN1A', 'HEPACAM2', 'SLC39A8', 'IL13RA1', 'PDXDC1', 'LMAN1', 'EFCAB4A', 'TM9SF3', 'MBOAT2', 'HDLBP', 'FOXA3', 'IMPA2', 'RANBP2', 'LENG8', 'GLUL', 'RASD1', 'TPM1', 'FRYL', 'DYRK4', 'ATP2A3', 'TCEA3', 'FABP2', 'MAZ', 'RAB15', 'FOXA2', 'SYNGR2', 'HIST1H4C', 'GALNT12', 'ATP2C2', 'PLPP5', 'RP3-412A9.11', 'GALNT3', 'C9orf152', 'HMGN3', 'ACTN1', 'PPP1R1B', 'NECTIN1', 'EMP2', 'PCCA', 'NUCB2', 'DNAJC10', 'ZKSCAN1', 'ANXA13', 'TPSG1', 'GSE1', 'SMIM14', 'NR4A1', 'FAM174B', 'SLC9A3R2', 'TP53', 'ARHGAP32', 'MUC1', 'FKBP11']"
cE03 (Stem/TA-like prolif),"['TUBA1B', 'H2AFZ', 'HMGB1', 'STMN1', 'PTMA', 'HMGB2', 'TUBB', 'RANBP1', 'HMGN2', 'PTTG1', 'CENPW', 'RAN', 'PCLAF', 'HSPE1', 'HSPD1', 'CKS2', 'UBE2S', 'SNRPF', 'MKI67', 'NUCKS1', 'SNRPG', 'LDHB', 'BIRC5', 'HSP90AA1', 'SNRPD1', 'PA2G4', 'DEK', 'LSM5', 'CDKN3', 'MAD2L1', 'NCL', 'HNRNPA2B1', 'TOP2A', 'SNRPB', 'DTYMK', 'NME1', 'CKS1B', 'PPIA', 'H2AFV', 'UBE2C', 'ANP32B', 'HSP90AB1', 'ENO1', 'TK1', 'NASP', 'RPA3', 'MCM7', 'ZWINT', 'SET', 'SMC4', 'UBE2T', 'HNRNPA3', 'PTGES3', 'NPM1', 'PCNA', 'CENPF', 'HMGA1', 'GGCT', 'CBX3', 'CDC20', 'HMGB3', 'TRMT112', 'SIVA1', 'SRSF3', 'SNRPE', 'CCNB1', 'HMGN1', 'RRM2', 'DNMT1', 'NUDT1', 'CACYBP', 'NAP1L1', 'GSTP1', 'CCDC34', 'TPX2', 'LSM4', 'PAICS', 'SKA2', 'SERBP1', 'POLD2', 'TYMS', 'ERH', 'CCT2', 'YBX1', 'DDX39A', 'CCT6A', 'SMC2', 'TOMM40', 'HNRNPD', 'MRPL51', 'KPNA2', 'SSRP1', 'LSM3', 'MZT2A', 'CCT5', 'IDH2', 'NOP56', 'DDX21', 'PSMA7', 'GADD45GIP1']"
cE04 (Enterocyte 1),"['SLC26A3', 'CEACAM7', 'GUCA2A', 'SEPP1', 'PLAC8', 'TSPAN1', 'IL32', 'PHGR1', 'B2M', 'CA4', 'AQP8', 'IFI27', 'CEACAM1', 'FABP1', 'CLCA4', 'SMIM22', 'GUCA2B', 'CEACAM5', 'CDHR5', 'HLA-A', 'EMP1', 'HPGD', 'MS4A12', 'CTSD', 'KRT20', 'ISG15', 'FXYD3', 'FTH1', 'PKIB', 'RHOC', 'HLA-B', 'MUC12', 'LYPD8', 'SDCBP2', 'C19orf33', 'CLDN7', 'MALL', 'ITM2C', 'MISP', 'UGP2', 'GPA33', 'ANPEP', 'MT-CO1', 'PRAP1', 'PRSS3', 'RP11-48O20.4', 'TMEM54', 'PRR13', 'EPCAM', 'SMPDL3A', 'VAMP8', 'CA2', 'SPATS2L', 'ATP1B3', 'C15orf48', 'MUC13', 'MYL6', 'TRIM31', 'MYL12B', 'GCNT3', 'SRI', 'MXD1', 'MT-RNR2', 'HLA-C', 'TMPRSS2', 'PIGR', 'SGK1', 'TMIGD1', 'DHRS9', 'AOC1', 'SERINC2', 'PRDX6', 'CLDN4', 'MEP1A', 'HHLA2', 'CLDN3', 'CLTB', 'MYL12A', 'PLS1', 'TMEM37', 'SLC9A3', 'PRSS8', 'SH3BGRL3', 'HIST1H1C', 'RHOF', 'CDKN2B-AS1', 'GPRC5A', 'SLC51B', 'CEACAM6', 'CDA', 'KRT8', 'MALAT1', 'PCDH24', 'NEAT1', 'SFN', 'CLDN23', 'CTSA', 'ISG20', 'PPP1R14D', 'MT-RNR1']"
cE05 (Enterocyte 2),"['FABP1', 'SLC26A2', 'CA2', 'PHGR1', 'CA1', 'SELENBP1', 'SLC26A3', 'LGALS4', 'FXYD3', 'PIGR', 'C15orf48', 'MS4A12', 'KRT19', 'CKB', 'CES2', 'HSD11B2', 'SULT1B1', 'CDHR5', 'LGALS3', 'TMEM54', 'PKIB', 'ETHE1', 'CEACAM7', 'CDKN2B-AS1', 'CHP2', 'MT-CO1', 'MALL', 'PLAC8', 'KRT20', 'SLC51B', 'C10orf99', 'KRT8', 'AKR1B10', 'SLC4A4', 'MT-CO3', 'MT2A', 'METTL7A', 'AMN', 'ATP1A1', 'TSPAN1', 'UGT2B17', 'MT1E', 'ITM2C', 'UQCRQ', 'MT1M', 'CHCHD10', 'SRI', 'GPT', 'DHRS11', 'CDH17', 'UGP2', 'ABCC3', 'MT1G', 'TDP2', 'HMGCS2', 'C2orf88', 'GUCA2A', 'BSG', 'PCK1', 'VSIG2', 'CLDN7', 'SMIM22', 'TST', 'MT-CO2', 'SULT1A1', 'PAPSS2', 'CHP1', 'AHCYL2', 'C19orf33', 'MT1F', 'LIMA1', 'CTSD', 'GNA11', 'ID1', 'COX5B', 'ADIRF', 'TSPAN8', 'MT1H', 'MGLL', 'AOC1', 'PADI2', 'ANPEP', 'FABP2', 'MAOA', 'ADH1C', 'ENTPD5', 'PRDX6', 'CA12', 'TSC22D1', 'ACADS', 'ADTRP', 'SGK1', 'MT-ND4', 'MVP', 'GPA33', 'CDKN2B', 'PRR13', 'DEFB1', 'GOLM1', 'GCNT3']"
cE06 (Immature Goblet),"['TFF3', 'FCGBP', 'MUC2', 'SPINK4', 'KLK1', 'ITLN1', 'ST6GALNAC1', 'CLCA1', 'SERPINA1', 'REP15', 'AGR2', 'LRRC26', 'XBP1', 'WFDC2', 'RETNLB', 'ZG16', 'SPINK1', 'HEPACAM2', 'SH3BGRL3', 'STARD10', 'NPDC1', 'REG4', 'LGALS4', 'SPDEF', 'TPSG1', 'ATOH1', 'CDC42EP5', 'RNASE1', 'CREB3L1', 'FAM3D', 'C12orf57', 'FABP2', 'RAP1GAP', 'KIAA1324', 'GMDS', 'BCAS1', 'TSPAN13', 'SMIM14', 'SERF2', 'GSN', 'BEST2', 'TPM1', 'MLPH', 'HPCAL1', 'RAB27A', 'RP11-884K10.5', 'SSR4', 'GNE', 'KCNMA1', 'B2M', 'RASD1', 'ENTPD8', 'SYTL2', 'RABAC1', 'MUC4', 'TCEA3', 'KLF4', 'SCNN1A', 'NEURL1', 'CD63', 'SLC12A2', 'RP11-234B24.2', 'FRYL', 'ANG', 'RP3-412A9.11', 'FMOD', 'MB', 'ANXA13', 'ATP2A3', 'HSD11B2', 'TMEM61', 'ERN2', 'ANO7', 'B3GNT6', 'EFCAB4A', 'CAPN9', 'VSIG2', 'ALDH1A1', 'FOXA3', 'FAM174B', 'GALNT8', 'HLA-A', 'HID1', 'DNAJC12', 'AQP3']"
cE07 (Goblet/Enterocyte),"['ZG16', 'SLC26A3', 'AQP8', 'CEACAM7', 'FCGBP', 'PLAC8', 'GUCA2A', 'TSPAN1', 'MUC2', 'SEPP1', 'LYPD8', 'GSN', 'CEACAM5', 'CEACAM1', 'CA4', 'GUCA2B', 'B2M', 'MS4A12', 'PHGR1', 'HPGD', 'PKIB', 'MUC13', 'GPA33', 'EMP1', 'FXYD3', 'MXD1', 'CLCA4', 'KRT20', 'CDHR5', 'SGK1', 'SPATS2L', 'DHRS9', 'SDCBP2', 'CA2', 'UGP2', 'ITM2C', 'MUC12', 'TFF1', 'ANPEP', 'HLA-B', 'TFF3', 'MT-RNR2', 'HLA-A', 'MISP', 'CTSD', 'SLC9A3', 'CD177', 'SMIM22', 'SMPDL3A', 'IFI27', 'MEP1A', 'MT-CO1', 'FABP1', 'MALL', 'KLF4', 'CLDN7', 'PLS1', 'IL32', 'RIOK3', 'RHOC', 'NEAT1', 'GCNT3', 'ISG15', 'BCAS1', 'LIPH', 'TXNIP', 'SMIM14', 'LITAF', 'TMIGD1', 'ENTPD8', 'TMPRSS2', 'RP11-48O20.4', 'TSPAN3', 'KLF6', 'CDH1', 'SRI', 'NAAA', 'HHLA2', 'CAPN2', 'DST', 'DDX60', 'CDKN1A', 'ARL14', 'CAMK2N1', 'SYTL2', 'TMEM37', 'AOC1', 'SERINC2', 'MGLL', 'TMEM59', 'ABHD3', 'TP53INP2', 'TRIM31', 'CFDP1', 'SLC26A2', 'SLC17A4', 'PCDH24', 'RBM47', 'PDCD6IP', 'CLIC5']"
cE08 (Goblet),"['MUC2', 'GSN', 'TFF1', 'FCGBP', 'ZG16', 'TFF3', 'TSPAN1', 'MT-RNR2', 'B2M', 'MUC1', 'SPATS2L', 'CEACAM5', 'MALAT1', 'IFI27', 'HLA-B', 'HLA-A', 'MT-RNR1', 'MUC13', 'LYPD8', 'PLAC8', 'HLA-E', 'FAM3D', 'BCAS1', 'FXYD3', 'SEPP1', 'REP15', 'SMIM14', 'SH3BGRL3', 'SERPINA1', 'SYTL2', 'TMEM59', 'CLDN4', 'ENTPD8', 'VSIG2', 'PHGR1', 'QSOX1', 'CLDN7', 'SAT1', 'SCNN1A', 'CD63', 'CD177', 'ISG20', 'DHRS9', 'TSPAN3', 'MXD1', 'TPSG1', 'ITM2C', 'DST', 'NEAT1', 'RAB27A', 'LIPH', 'HLA-C', 'CREB3L1', 'MLPH', 'KRT20', 'SDCBP2', 'CDC42EP3', 'KLK1', 'KLF4', 'MGLL', 'NPDC1', 'ITLN1', 'ISG15', 'RASEF', 'PARM1', 'FAM46A', 'FFAR4', 'AMN', 'ANKRD36C', 'DDX60', 'CDHR5', 'MLLT3', 'TBX10', 'SAMD9', 'CEACAM6', 'TUBB2A', 'MINPP1', 'RHOC', 'NAAA', 'TM4SF5', 'TXNIP', 'ELF3', 'UBB', 'MUC4', 'CLCA1', 'TP53INP2', 'GLUL', 'MT-CO1', 'FOXA3', 'CAPN8', 'ARL14', 'SMIM6', 'LGALS9B', 'GDPD3', 'GPA33', 'P2RX4']"
cE09 (Best4),"['CA7', 'BEST4', 'CA4', 'SPIB', 'OTOP2', 'GUCA2A', 'MT1G', 'FKBP1A', 'MT2A', 'LYPD8', 'ITM2C', 'GUCA2B', 'SDCBP2', 'KRT20', 'MT1H', 'SRI', 'HES4', 'MT1E', 'MT1M', 'FXYD3', 'HRCT1', 'PHGR1', 'KRT8', 'FABP1', 'CEACAM1', 'CEACAM7', 'MT1X', 'GPA33', 'MT1F', 'TMEM176B', 'HIGD1A', 'CTSE', 'HLA-A', 'AOC1', 'B2M', 'TSPAN1', 'S100A10', 'CCNYL1', 'VSIG2', 'MYL6', 'NEURL1', 'CEACAM6', 'LGALS3', 'CKB', 'TDP2', 'CA2', 'GSN', 'CEACAM5', 'ID1', 'HSD17B2', 'DMBT1', 'TMEM176A', 'NOTCH2NL', 'CDHR5', 'MDK', 'HEPACAM2', 'CYSTM1', 'FTH1', 'ATP1B1', 'VAMP8', 'DSC2', 'PCDH24', 'RHOC', 'HSPB1', 'SCIN', 'TMEM54', 'HSD17B11', 'CLCA4', 'PCSK1N', 'GRN', 'CLDN7', 'MALL', 'ADRA2A', 'BSG', 'PRSS3', 'SLC20A1', 'EPCAM', 'TMEM59', 'KRT19', 'SEPW1', 'CHMP4B', 'MALAT1', 'PLAC8', 'C10orf99', 'MISP', 'CIB1', 'MEP1A', 'CARD16', 'FRMD1', 'C19orf33', 'MUC13', 'FUCA1', 'EMP1', 'CFDP1', 'MUC12', 'CLDN3', 'SERINC2', 'SGK1', 'LITAF', 'LGALS4']"
cE10 (Tuft),"['MARCKSL1', 'AZGP1', 'SH2D6', 'LRMP', 'KRT18', 'IFI6', 'FYB1', 'HCK', 'MALAT1', 'PLCG2', 'PTGS1', 'ALOX5AP', 'CALM2', 'BMX', 'AVIL', 'SPIB', 'GNG13', 'TUBA1A', 'ALOX5', 'H3F3A', 'TPM1', 'HPGDS', 'H3F3B', 'PTPN18', 'PBXIP1', 'SH2D7', 'PSTPIP2', 'RGS13', 'HLA-A', 'HOTAIRM1', 'IL17RB', 'ANXA13', 'PPDPF', 'TRPM5', 'KRT8', 'PLEKHB1', 'HEPACAM2', 'HLA-B', 'MATK', 'HTR3E', 'ELF3', 'EIF1B', 'POU2F3', 'CST3', 'RASSF6', 'ATP2A3', 'TMEM176B', 'ZFHX3', 'RP3-412A9.11', 'TMEM176A', 'GSN', 'BIK', 'C11orf53', 'CNN3', 'TLE4', 'PAK3', 'TAS1R3', 'GRK5', 'HLA-C', 'DEFB1', 'PIK3CG', 'NCMAP', 'CD300LF', 'PSAP', 'CCDC129', 'ANXA1', 'BCAM', 'OGDHL', 'ADGRG6', 'AFAP1L2', 'ACSL4', 'VAV1', 'DPYSL3', 'GRASP', 'CD14', 'DKK3', 'IL13RA1']"
cE11 (Enteroendocrine),"['MDK', 'MALAT1', 'TUBA1A', 'SSR4', 'TIMP1', 'CRYBA2', 'PAM', 'GNAS', 'SCGN', 'INSM1', 'NEAT1', 'MS4A8', 'SCG2', 'SCG5', 'QPCT', 'H3F3B', 'CST3', 'PTMS', 'SEC11C', 'ETV1', 'GTF2I', 'N4BP2L2', 'CHGB', 'PCSK1N', 'CHGA', 'CACNA1A', 'NPDC1', 'PKM', 'CPE', 'RAMP1', 'ZKSCAN1', 'UCN3', 'PCSK1', 'SEZ6L2', 'RAB3B', 'TFF1', 'MARCKSL1', 'C10orf10', 'SOX4', 'IDS', 'DDX5', 'CADPS', 'SYT13', 'CD63', 'UBC', 'BTG2', 'CIRBP', 'RIMBP2', 'HLA-A', 'C9orf16', 'TTR', 'AES', 'NPW', 'FEV', 'IFI6', 'DYNLT3', 'GCH1', 'POLR2J3', 'CHPF', 'S100A11', 'SCT', 'GNAI2', 'JUNB', 'DUSP4', 'ARFGEF3', 'KCTD12', 'MFGE8', 'SLC29A4', 'STX1A', 'SLC38A11', 'NEUROD1', 'WFDC2', 'KIAA1324', 'TM4SF5', 'CYP4F3', 'PBXIP1', 'MLXIPL', 'PTPRN2', 'HOXB-AS3', 'SCG3', 'ST18', 'FAM46A', 'HEPACAM2', 'UCP2', 'ELL2', 'FTX', 'PYY', 'DNAJC12']"
